"","Package","LibPath","Version","Priority","Depends","Imports","LinkingTo","Suggests","Enhances","License","License_is_FOSS","License_restricts_use","OS_type","MD5sum","NeedsCompilation","Built"
"abind","abind","/Library/Frameworks/R.framework/Versions/4.2-arm64/Resources/library","1.4-5",NA,"R (>= 1.5.0)","methods, utils",NA,NA,NA,"LGPL (>= 2)",NA,NA,NA,NA,"no","4.2.0"
"addinexamples","addinexamples","/Library/Frameworks/R.framework/Versions/4.2-arm64/Resources/library","0.1.0",NA,"R (>= 3.0.0)","shiny (>= 0.13), miniUI (>= 0.1.1), rstudioapi (>= 0.4),
formatR",NA,NA,NA,"MIT + file LICENSE",NA,NA,NA,NA,"no","4.2.1"
"anytime","anytime","/Library/Frameworks/R.framework/Versions/4.2-arm64/Resources/library","0.3.9",NA,"R (>= 3.2.0)","Rcpp (>= 0.12.9)","Rcpp (>= 0.12.9), BH","tinytest (>= 1.0.0), gettz",NA,"GPL (>= 2)",NA,NA,NA,NA,"yes","4.2.0"
"arrayhelpers","arrayhelpers","/Library/Frameworks/R.framework/Versions/4.2-arm64/Resources/library","1.1-0",NA,NA,"methods, utils, svUnit",NA,NA,NA,"GPL",NA,NA,NA,NA,"no","4.2.0"
"askpass","askpass","/Library/Frameworks/R.framework/Versions/4.2-arm64/Resources/library","1.1",NA,NA,"sys (>= 2.1)",NA,"testthat",NA,"MIT + file LICENSE",NA,NA,NA,NA,"yes","4.2.0"
"assertthat","assertthat","/Library/Frameworks/R.framework/Versions/4.2-arm64/Resources/library","0.2.1",NA,NA,"tools",NA,"testthat, covr",NA,"GPL-3",NA,NA,NA,NA,"no","4.2.0"
"backports","backports","/Library/Frameworks/R.framework/Versions/4.2-arm64/Resources/library","1.4.1",NA,"R (>= 3.0.0)",NA,NA,NA,NA,"GPL-2 | GPL-3",NA,NA,NA,NA,"yes","4.2.0"
"BART","BART","/Library/Frameworks/R.framework/Versions/4.2-arm64/Resources/library","2.9",NA,"R (>= 2.10), nlme, nnet, survival","Rcpp (>= 0.12.3), parallel, tools","Rcpp","MASS, knitr, rmarkdown",NA,"GPL (>= 2)",NA,NA,NA,NA,"yes","4.2.0"
"base","base","/Library/Frameworks/R.framework/Versions/4.2-arm64/Resources/library","4.2.1","base",NA,NA,NA,"methods",NA,"Part of R 4.2.1",NA,NA,NA,NA,NA,"4.2.1"
"base64enc","base64enc","/Library/Frameworks/R.framework/Versions/4.2-arm64/Resources/library","0.1-3",NA,"R (>= 2.9.0)",NA,NA,NA,"png","GPL-2 | GPL-3",NA,NA,NA,NA,"yes","4.2.0"
"bayesm","bayesm","/Library/Frameworks/R.framework/Versions/4.2-arm64/Resources/library","3.1-4",NA,"R (>= 3.2.0)","Rcpp (>= 0.12.0), utils, stats, graphics, grDevices","Rcpp, RcppArmadillo","knitr, rmarkdown",NA,"GPL (>= 2)",NA,NA,NA,NA,"yes","4.2.0"
"bayesplot","bayesplot","/Library/Frameworks/R.framework/Versions/4.2-arm64/Resources/library","1.10.0",NA,"R (>= 3.1.0)","dplyr (>= 0.8.0), ggplot2 (>= 3.0.0), ggridges, glue,
posterior, reshape2, rlang (>= 0.3.0), stats, tibble (>=
2.0.0), tidyselect, utils",NA,"ggfortify, gridExtra (>= 2.2.1), hexbin, knitr (>= 1.16), loo
(>= 2.0.0), RColorBrewer, rmarkdown (>= 1.0.0), rstan (>=
2.17.1), rstanarm (>= 2.17.4), rstantools (>= 1.5.0), scales,
shinystan (>= 2.3.0), survival, testthat (>= 2.0.0), vdiffr (>=
1.0.2)",NA,"GPL (>= 3)",NA,NA,NA,NA,"no","4.2.0"
"BH","BH","/Library/Frameworks/R.framework/Versions/4.2-arm64/Resources/library","1.78.0-0",NA,NA,NA,NA,NA,NA,"BSL-1.0",NA,NA,NA,NA,"no","4.2.0"
"bit","bit","/Library/Frameworks/R.framework/Versions/4.2-arm64/Resources/library","4.0.5",NA,"R (>= 2.9.2)",NA,NA,"testthat (>= 0.11.0), roxygen2, knitr, rmarkdown,
microbenchmark, bit64 (>= 4.0.0), ff (>= 4.0.0)",NA,"GPL-2 | GPL-3",NA,NA,NA,NA,"yes","4.2.0"
"bit64","bit64","/Library/Frameworks/R.framework/Versions/4.2-arm64/Resources/library","4.0.5",NA,"R (>= 3.0.1), bit (>= 4.0.0), utils, methods, stats",NA,NA,NA,NA,"GPL-2 | GPL-3",NA,NA,NA,NA,"yes","4.2.0"
"bitops","bitops","/Library/Frameworks/R.framework/Versions/4.2-arm64/Resources/library","1.0-7",NA,NA,NA,NA,NA,NA,"GPL (>= 2)",NA,NA,NA,NA,"yes","4.2.0"
"blob","blob","/Library/Frameworks/R.framework/Versions/4.2-arm64/Resources/library","1.2.3",NA,NA,"methods, rlang, vctrs (>= 0.2.1)",NA,"covr, crayon, pillar (>= 1.2.1), testthat",NA,"MIT + file LICENSE",NA,NA,NA,NA,"no","4.2.0"
"boot","boot","/Library/Frameworks/R.framework/Versions/4.2-arm64/Resources/library","1.3-28","recommended","R (>= 3.0.0), graphics, stats",NA,NA,"MASS, survival",NA,"Unlimited",NA,NA,NA,NA,"no","4.2.1"
"brew","brew","/Library/Frameworks/R.framework/Versions/4.2-arm64/Resources/library","1.0-8",NA,NA,NA,NA,"testthat (>= 3.0.0)",NA,"GPL-2",NA,NA,NA,NA,"no","4.2.0"
"bridgesampling","bridgesampling","/Library/Frameworks/R.framework/Versions/4.2-arm64/Resources/library","1.1-2",NA,"R (>= 3.0.0)","mvtnorm, Matrix, Brobdingnag, stringr, coda, parallel, scales,
utils, methods",NA,"testthat, Rcpp, RcppEigen, R2jags, rjags, runjags, knitr,
rmarkdown, R.rsp, BayesFactor, rstan, rstanarm, nimble,
MCMCpack",NA,"GPL (>= 2)",NA,NA,NA,NA,"no","4.2.0"
"brio","brio","/Library/Frameworks/R.framework/Versions/4.2-arm64/Resources/library","1.1.3",NA,NA,NA,NA,"covr, testthat (>= 2.1.0)",NA,"MIT + file LICENSE",NA,NA,NA,NA,"yes","4.2.0"
"brms","brms","/Library/Frameworks/R.framework/Versions/4.2-arm64/Resources/library","2.18.0",NA,"R (>= 3.5.0), Rcpp (>= 0.12.0), methods","rstan (>= 2.19.2), ggplot2 (>= 2.0.0), loo (>= 2.3.1),
posterior (>= 1.0.0), Matrix (>= 1.1.1), mgcv (>= 1.8-13),
rstantools (>= 2.1.1), bayesplot (>= 1.5.0), shinystan (>=
2.4.0), bridgesampling (>= 0.3-0), glue (>= 1.3.0), future (>=
1.19.0), matrixStats, nleqslv, nlme, coda, abind, stats, utils,
parallel, grDevices, backports",NA,"testthat (>= 0.9.1), emmeans (>= 1.4.2), cmdstanr (>= 0.5.0),
projpred (>= 2.0.0), RWiener, rtdists, extraDistr, processx,
mice, spdep, mnormt, lme4, MCMCglmm, splines2, ape, arm,
statmod, digest, diffobj, R.rsp, gtable, shiny, knitr,
rmarkdown",NA,"GPL-2",NA,NA,NA,NA,"no","4.2.0"
"Brobdingnag","Brobdingnag","/Library/Frameworks/R.framework/Versions/4.2-arm64/Resources/library","1.2-9",NA,"R (>= 2.13.0), methods, Matrix (>= 1.5-0)",NA,NA,"cubature, testthat",NA,"GPL",NA,NA,NA,NA,"no","4.2.0"
"broom","broom","/Library/Frameworks/R.framework/Versions/4.2-arm64/Resources/library","1.0.2",NA,"R (>= 3.1)","backports, dplyr (>= 1.0.0), ellipsis, generics (>= 0.0.2),
glue, purrr, rlang, stringr, tibble (>= 3.0.0), tidyr (>=
1.0.0)",NA,"AER, AUC, bbmle, betareg, biglm, binGroup, boot, btergm (>=
1.10.6), car, carData, caret, cluster, cmprsk, coda, covr, drc,
e1071, emmeans, epiR, ergm (>= 3.10.4), fixest (>= 0.9.0), gam
(>= 1.15), gee, geepack, ggplot2, glmnet, glmnetUtils, gmm,
Hmisc, irlba, interp, joineRML, Kendall, knitr, ks, Lahman,
lavaan, leaps, lfe, lm.beta, lme4, lmodel2, lmtest (>= 0.9.38),
lsmeans, maps, maptools, margins, MASS, mclust, mediation,
metafor, mfx, mgcv, mlogit, modeldata, modeltests, muhaz,
multcomp, network, nnet, orcutt (>= 2.2), ordinal, plm, poLCA,
psych, quantreg, rgeos, rmarkdown, robust, robustbase, rsample,
sandwich, sp, spdep (>= 1.1), spatialreg, speedglm, spelling,
survey, survival, systemfit, testthat (>= 2.1.0), tseries,
vars, zoo",NA,"MIT + file LICENSE",NA,NA,NA,NA,"no","4.2.1"
"bslib","bslib","/Library/Frameworks/R.framework/Versions/4.2-arm64/Resources/library","0.4.2",NA,"R (>= 2.10)","grDevices, htmltools (>= 0.5.4), jsonlite, sass (>= 0.4.0),
jquerylib (>= 0.1.3), rlang, cachem, memoise (>= 2.0.1),
base64enc, mime",NA,"shiny (>= 1.6.0), rmarkdown (>= 2.7), thematic, knitr,
testthat, withr, rappdirs, curl, magrittr, fontawesome, bsicons",NA,"MIT + file LICENSE",NA,NA,NA,NA,"no","4.2.1"
"cachem","cachem","/Library/Frameworks/R.framework/Versions/4.2-arm64/Resources/library","1.0.6",NA,NA,"rlang, fastmap",NA,"testthat",NA,"MIT + file LICENSE",NA,NA,NA,NA,"yes","4.2.0"
"callr","callr","/Library/Frameworks/R.framework/Versions/4.2-arm64/Resources/library","3.7.3",NA,"R (>= 3.4)","processx (>= 3.6.1), R6, utils",NA,"asciicast, cli (>= 1.1.0), covr, mockery, ps, rprojroot,
spelling, testthat (>= 3.0.0), withr (>= 2.3.0)",NA,"MIT + file LICENSE",NA,NA,NA,NA,"no","4.2.0"
"caret","caret","/Library/Frameworks/R.framework/Versions/4.2-arm64/Resources/library","6.0-93",NA,"ggplot2, lattice (>= 0.20), R (>= 3.2.0)","e1071, foreach, grDevices, methods, ModelMetrics (>= 1.2.2.2),
nlme, plyr, pROC, recipes (>= 0.1.10), reshape2, stats, stats4,
utils, withr (>= 2.0.0)",NA,"BradleyTerry2, covr, Cubist, dplyr, earth (>= 2.2-3),
ellipse, fastICA, gam (>= 1.15), ipred, kernlab, klaR, knitr,
MASS, Matrix, mda, mgcv, mlbench, MLmetrics, nnet, pamr, party
(>= 0.9-99992), pls, proxy, randomForest, RANN, rmarkdown,
rpart, spls, subselect, superpc, testthat (>= 0.9.1), themis
(>= 0.1.3)",NA,"GPL (>= 2)",NA,NA,NA,NA,"yes","4.2.0"
"caTools","caTools","/Library/Frameworks/R.framework/Versions/4.2-arm64/Resources/library","1.18.2",NA,"R (>= 3.6.0)","bitops",NA,"MASS, rpart",NA,"GPL-3",NA,NA,NA,NA,"yes","4.2.0"
"cellranger","cellranger","/Library/Frameworks/R.framework/Versions/4.2-arm64/Resources/library","1.1.0",NA,"R (>= 3.0.0)","rematch, tibble",NA,"covr, testthat (>= 1.0.0), knitr, rmarkdown",NA,"MIT + file LICENSE",NA,NA,NA,NA,"no","4.2.0"
"checkmate","checkmate","/Library/Frameworks/R.framework/Versions/4.2-arm64/Resources/library","2.1.0",NA,"R (>= 3.0.0)","backports (>= 1.1.0), utils",NA,"R6, fastmatch, data.table (>= 1.9.8), devtools, ggplot2,
knitr, magrittr, microbenchmark, rmarkdown, testthat (>=
3.0.4), tinytest (>= 1.1.0), tibble",NA,"BSD_3_clause + file LICENSE",NA,NA,NA,NA,"yes","4.2.0"
"class","class","/Library/Frameworks/R.framework/Versions/4.2-arm64/Resources/library","7.3-20","recommended","R (>= 3.0.0), stats, utils","MASS",NA,NA,NA,"GPL-2 | GPL-3",NA,NA,NA,NA,"yes","4.2.1"
"cli","cli","/Library/Frameworks/R.framework/Versions/4.2-arm64/Resources/library","3.6.0",NA,"R (>= 3.4)","utils",NA,"callr, covr, crayon, digest, glue (>= 1.6.0), grDevices,
htmltools, htmlwidgets, knitr, methods, mockery, processx, ps
(>= 1.3.4.9000), rlang (>= 1.0.2.9003), rmarkdown, rprojroot,
rstudioapi, testthat, tibble, whoami, withr",NA,"MIT + file LICENSE",NA,NA,NA,NA,"yes","4.2.1"
"clipr","clipr","/Library/Frameworks/R.framework/Versions/4.2-arm64/Resources/library","0.8.0",NA,NA,"utils",NA,"covr, knitr, rmarkdown, rstudioapi (>= 0.5), testthat (>=
2.0.0)",NA,"GPL-3",NA,NA,NA,NA,"no","4.2.0"
"clock","clock","/Library/Frameworks/R.framework/Versions/4.2-arm64/Resources/library","0.6.1",NA,"R (>= 3.4)","rlang (>= 1.0.4), tzdb (>= 0.3.0), vctrs (>= 0.4.1)","cpp11 (>= 0.4.2), tzdb (>= 0.3.0)","covr, knitr, magrittr, pillar, rmarkdown, testthat (>=
3.0.0), withr",NA,"MIT + file LICENSE",NA,NA,NA,NA,"yes","4.2.0"
"clue","clue","/Library/Frameworks/R.framework/Versions/4.2-arm64/Resources/library","0.3-63",NA,"R (>= 3.2.0)","stats, cluster, graphics, methods",NA,"e1071, lpSolve (>= 5.5.7), quadprog (>= 1.4-8), relations","RWeka, ape, cba, cclust, flexclust, flexmix, kernlab, mclust,
movMF, modeltools","GPL-2",NA,NA,NA,NA,"yes","4.2.0"
"cluster","cluster","/Library/Frameworks/R.framework/Versions/4.2-arm64/Resources/library","2.1.3","recommended","R (>= 3.5.0)","graphics, grDevices, stats, utils",NA,"MASS, Matrix",NA,"GPL (>= 2)",NA,NA,NA,NA,"yes","4.2.1"
"ClusterR","ClusterR","/Library/Frameworks/R.framework/Versions/4.2-arm64/Resources/library","1.2.9",NA,"R(>= 3.2), gtools","Rcpp (>= 0.12.5), graphics, grDevices, utils, stats, gmp,
ggplot2, lifecycle","Rcpp, RcppArmadillo (>= 0.9.1)","OpenImageR, FD, testthat, covr, knitr, rmarkdown",NA,"GPL-3",NA,NA,NA,NA,"yes","4.2.0"
"coda","coda","/Library/Frameworks/R.framework/Versions/4.2-arm64/Resources/library","0.19-4",NA,"R (>= 2.14.0)","lattice",NA,NA,NA,"GPL (>= 2)",NA,NA,NA,NA,"no","4.2.0"
"codetools","codetools","/Library/Frameworks/R.framework/Versions/4.2-arm64/Resources/library","0.2-18","recommended","R (>= 2.1)",NA,NA,NA,NA,"GPL",NA,NA,NA,NA,"no","4.2.1"
"colorspace","colorspace","/Library/Frameworks/R.framework/Versions/4.2-arm64/Resources/library","2.0-3",NA,"R (>= 3.0.0), methods","graphics, grDevices, stats",NA,"datasets, utils, KernSmooth, MASS, kernlab, mvtnorm, vcd,
tcltk, shiny, shinyjs, ggplot2, dplyr, scales, grid, png, jpeg,
knitr, rmarkdown, RColorBrewer, rcartocolor, scico, viridis,
wesanderson",NA,"BSD_3_clause + file LICENSE",NA,NA,NA,NA,"yes","4.2.0"
"colourpicker","colourpicker","/Library/Frameworks/R.framework/Versions/4.2-arm64/Resources/library","1.2.0",NA,"R (>= 3.1.0)","ggplot2, htmltools, htmlwidgets (>= 0.7), jsonlite, miniUI (>=
0.1.1), shiny (>= 0.11.1), shinyjs (>= 2.0.0), utils",NA,"knitr (>= 1.7), rmarkdown, rstudioapi (>= 0.5),
shinydisconnect",NA,"MIT + file LICENSE",NA,NA,NA,NA,"no","4.2.0"
"commonmark","commonmark","/Library/Frameworks/R.framework/Versions/4.2-arm64/Resources/library","1.8.1",NA,NA,NA,NA,"curl, testthat, xml2",NA,"BSD_2_clause + file LICENSE",NA,NA,NA,NA,"yes","4.2.0"
"compiler","compiler","/Library/Frameworks/R.framework/Versions/4.2-arm64/Resources/library","4.2.1","base",NA,NA,NA,NA,NA,"Part of R 4.2.1",NA,NA,NA,NA,NA,"4.2.1"
"cpp11","cpp11","/Library/Frameworks/R.framework/Versions/4.2-arm64/Resources/library","0.4.3",NA,NA,NA,NA,"bench, brio, callr, cli, covr, decor, desc, ggplot2, glue,
knitr, lobstr, mockery, progress, rmarkdown, scales, Rcpp,
testthat, tibble, utils, vctrs, withr",NA,"MIT + file LICENSE",NA,NA,NA,NA,"no","4.2.0"
"crayon","crayon","/Library/Frameworks/R.framework/Versions/4.2-arm64/Resources/library","1.5.2",NA,NA,"grDevices, methods, utils",NA,"mockery, rstudioapi, testthat, withr",NA,"MIT + file LICENSE",NA,NA,NA,NA,"no","4.2.0"
"credentials","credentials","/Library/Frameworks/R.framework/Versions/4.2-arm64/Resources/library","1.3.2",NA,NA,"openssl (>= 1.3), sys (>= 2.1), curl, jsonlite, askpass",NA,"testthat, knitr, rmarkdown",NA,"MIT + file LICENSE",NA,NA,NA,NA,"no","4.2.0"
"crosstalk","crosstalk","/Library/Frameworks/R.framework/Versions/4.2-arm64/Resources/library","1.2.0",NA,NA,"htmltools (>= 0.3.6), jsonlite, lazyeval, R6",NA,"shiny, ggplot2, testthat (>= 2.1.0), sass, bslib",NA,"MIT + file LICENSE",NA,NA,NA,NA,"no","4.2.0"
"curl","curl","/Library/Frameworks/R.framework/Versions/4.2-arm64/Resources/library","4.3.3",NA,"R (>= 3.0.0)",NA,NA,"spelling, testthat (>= 1.0.0), knitr, jsonlite, rmarkdown,
magrittr, httpuv (>= 1.4.4), webutils",NA,"MIT + file LICENSE",NA,NA,NA,NA,"yes","4.2.0"
"data.table","data.table","/Library/Frameworks/R.framework/Versions/4.2-arm64/Resources/library","1.14.6",NA,"R (>= 3.1.0)","methods",NA,"bit64 (>= 4.0.0), bit (>= 4.0.4), curl, R.utils, xts,
nanotime, zoo (>= 1.8-1), yaml, knitr, rmarkdown",NA,"MPL-2.0 | file LICENSE",NA,NA,NA,NA,"yes","4.2.0"
"datamods","datamods","/Library/Frameworks/R.framework/Versions/4.2-arm64/Resources/library","1.4.0",NA,"R (>= 2.10)","data.table, htmltools, htmlwidgets, phosphoricons, reactable,
readxl, rio, rlang, shiny (>= 1.5.0), shinyWidgets (>= 0.7.3),
tibble, tools, shinybusy, writexl",NA,"bslib, jsonlite, knitr, MASS, rmarkdown, testthat, validate",NA,"GPL-3",NA,NA,NA,NA,"no","4.2.0"
"datasets","datasets","/Library/Frameworks/R.framework/Versions/4.2-arm64/Resources/library","4.2.1","base",NA,NA,NA,NA,NA,"Part of R 4.2.1",NA,NA,NA,NA,NA,"4.2.1"
"DBI","DBI","/Library/Frameworks/R.framework/Versions/4.2-arm64/Resources/library","1.1.3",NA,"methods, R (>= 3.0.0)",NA,NA,"blob, covr, DBItest, dbplyr, downlit, dplyr, glue, hms,
knitr, magrittr, RMariaDB, rmarkdown, rprojroot, RSQLite (>=
1.1-2), testthat, xml2",NA,"LGPL (>= 2.1)",NA,NA,NA,NA,"no","4.2.0"
"dbplyr","dbplyr","/Library/Frameworks/R.framework/Versions/4.2-arm64/Resources/library","2.2.1",NA,"R (>= 3.1)","assertthat (>= 0.2.0), blob (>= 1.2.0), cli (>= 3.3.0), DBI
(>= 1.0.0), dplyr (>= 1.0.9), glue (>= 1.2.0), lifecycle (>=
1.0.0), magrittr, methods, pillar (>= 1.5.0), purrr (>= 0.2.5),
R6 (>= 2.2.2), rlang (>= 1.0.0), tibble (>= 1.4.2), tidyselect
(>= 0.2.4), utils, vctrs (>= 0.4.1), withr",NA,"bit64, covr, knitr, Lahman, nycflights13, odbc, RMariaDB (>=
1.0.2), rmarkdown, RPostgres (>= 1.1.3), RPostgreSQL, RSQLite
(>= 2.1.0), testthat (>= 3.0.2), tidyr (>= 1.2.0)",NA,"MIT + file LICENSE",NA,NA,NA,NA,"no","4.2.0"
"desc","desc","/Library/Frameworks/R.framework/Versions/4.2-arm64/Resources/library","1.4.2",NA,"R (>= 3.4)","cli, R6, rprojroot, utils",NA,"callr, covr, gh, spelling, testthat, whoami, withr",NA,"MIT + file LICENSE",NA,NA,NA,NA,"no","4.2.0"
"devtools","devtools","/Library/Frameworks/R.framework/Versions/4.2-arm64/Resources/library","2.4.5",NA,"R (>= 3.0.2), usethis (>= 2.1.6)","cli (>= 3.3.0), desc (>= 1.4.1), ellipsis (>= 0.3.2), fs (>=
1.5.2), lifecycle (>= 1.0.1), memoise (>= 2.0.1), miniUI (>=
0.1.1.1), pkgbuild (>= 1.3.1), pkgdown (>= 2.0.6), pkgload (>=
1.3.0), profvis (>= 0.3.7), rcmdcheck (>= 1.4.0), remotes (>=
2.4.2), rlang (>= 1.0.4), roxygen2 (>= 7.2.1), rversions (>=
2.1.1), sessioninfo (>= 1.2.2), stats, testthat (>= 3.1.5),
tools, urlchecker (>= 1.0.1), utils, withr (>= 2.5.0)",NA,"BiocManager (>= 1.30.18), callr (>= 3.7.1), covr (>= 3.5.1),
curl (>= 4.3.2), digest (>= 0.6.29), DT (>= 0.23), foghorn (>=
1.4.2), gh (>= 1.3.0), gmailr (>= 1.0.1), httr (>= 1.4.3),
knitr (>= 1.39), lintr (>= 3.0.0), MASS, mockery (>= 0.4.3),
pingr (>= 2.0.1), rhub (>= 1.1.1), rmarkdown (>= 2.14),
rstudioapi (>= 0.13), spelling (>= 2.2)",NA,"MIT + file LICENSE",NA,NA,NA,NA,"no","4.2.0"
"DiceKriging","DiceKriging","/Library/Frameworks/R.framework/Versions/4.2-arm64/Resources/library","1.6.0",NA,"methods",NA,NA,"rgenoud (>= 5.8-2.0), foreach, doParallel, testthat, numDeriv",NA,"GPL-2 | GPL-3",NA,NA,NA,NA,"yes","4.2.0"
"diffobj","diffobj","/Library/Frameworks/R.framework/Versions/4.2-arm64/Resources/library","0.3.5",NA,"R (>= 3.1.0)","crayon (>= 1.3.2), tools, methods, utils, stats",NA,"knitr, rmarkdown",NA,"GPL-2 | GPL-3",NA,NA,NA,NA,"yes","4.2.0"
"digest","digest","/Library/Frameworks/R.framework/Versions/4.2-arm64/Resources/library","0.6.31",NA,"R (>= 3.3.0)","utils",NA,"tinytest, simplermarkdown",NA,"GPL (>= 2)",NA,NA,NA,NA,"yes","4.2.1"
"diptest","diptest","/Library/Frameworks/R.framework/Versions/4.2-arm64/Resources/library","0.76-0",NA,NA,"graphics, stats",NA,NA,NA,"GPL (>= 2)",NA,NA,NA,NA,"yes","4.2.0"
"dirichletprocess","dirichletprocess","/Library/Frameworks/R.framework/Versions/4.2-arm64/Resources/library","0.4.0",NA,"R (>= 2.10)","gtools, ggplot2, mvtnorm",NA,"testthat, knitr, rmarkdown, tidyr, dplyr",NA,"GPL-3",NA,NA,NA,NA,"no","4.2.0"
"DirichletReg","DirichletReg","/Library/Frameworks/R.framework/Versions/4.2-arm64/Resources/library","0.7-1",NA,"R (>= 3.0.0), Formula","stats, graphics, methods, maxLik",NA,"rgl, knitr, rmarkdown, formatR, testthat",NA,"GPL (>= 2)",NA,NA,NA,NA,"yes","4.2.0"
"distributional","distributional","/Library/Frameworks/R.framework/Versions/4.2-arm64/Resources/library","0.3.1",NA,NA,"vctrs (>= 0.3.0), rlang (>= 0.4.5), generics, stats, numDeriv,
ggplot2, scales, farver, digest, utils, lifecycle",NA,"testthat (>= 2.1.0), covr, mvtnorm, actuar (>= 2.0.0), ggdist",NA,"GPL-3",NA,NA,NA,NA,"no","4.2.0"
"DMwR2","DMwR2","/Library/Frameworks/R.framework/Versions/4.2-arm64/Resources/library","0.0.2",NA,"R(>= 3.0), methods","xts (>= 0.9-7), zoo (>= 1.7-10), class (>= 7.3-14), rpart (>=
4.1-10), quantmod (>= 0.4-5), dplyr (>= 0.4.3), readr (>=
1.0.0), DBI (>= 0.5)",NA,NA,NA,"GPL (>= 2)",NA,NA,NA,NA,"no","4.2.0"
"doParallel","doParallel","/Library/Frameworks/R.framework/Versions/4.2-arm64/Resources/library","1.0.17",NA,"R (>= 2.14.0), foreach (>= 1.2.0), iterators (>= 1.0.0),
parallel, utils",NA,NA,"caret, mlbench, rpart, RUnit","compiler","GPL-2",NA,NA,NA,NA,"no","4.2.0"
"downlit","downlit","/Library/Frameworks/R.framework/Versions/4.2-arm64/Resources/library","0.4.2",NA,"R (>= 3.4.0)","brio, desc, digest, evaluate, fansi, memoise, rlang, vctrs,
withr, yaml",NA,"covr, htmltools, jsonlite, MASS, MassSpecWavelet, pkgload,
rmarkdown, testthat (>= 3.0.0), xml2",NA,"MIT + file LICENSE",NA,NA,NA,NA,"no","4.2.0"
"dplyr","dplyr","/Library/Frameworks/R.framework/Versions/4.2-arm64/Resources/library","1.0.10",NA,"R (>= 3.4.0)","generics, glue (>= 1.3.2), lifecycle (>= 1.0.1), magrittr (>=
1.5), methods, R6, rlang (>= 1.0.2), tibble (>= 2.1.3),
tidyselect (>= 1.1.1), utils, vctrs (>= 0.4.1), pillar (>=
1.5.1)",NA,"bench, broom, callr, covr, DBI, dbplyr (>= 1.4.3), ggplot2,
knitr, Lahman, lobstr, microbenchmark, nycflights13, purrr,
rmarkdown, RMySQL, RPostgreSQL, RSQLite, testthat (>= 3.1.1),
tidyr, withr",NA,"MIT + file LICENSE",NA,NA,NA,NA,"yes","4.2.0"
"DT","DT","/Library/Frameworks/R.framework/Versions/4.2-arm64/Resources/library","0.26",NA,NA,"htmltools (>= 0.3.6), htmlwidgets (>= 1.3), jsonlite (>=
0.9.16), magrittr, crosstalk, jquerylib, promises",NA,"knitr (>= 1.8), rmarkdown, shiny (>= 1.6), bslib, future,
testit",NA,"GPL-3 | file LICENSE",NA,NA,NA,NA,"no","4.2.0"
"dtplyr","dtplyr","/Library/Frameworks/R.framework/Versions/4.2-arm64/Resources/library","1.2.2",NA,"R (>= 3.3)","crayon, data.table (>= 1.13.0), dplyr (>= 1.0.3), ellipsis,
glue, lifecycle, rlang, tibble, tidyselect, vctrs",NA,"bench, covr, knitr, rmarkdown, testthat (>= 3.0.0), tidyr (>=
1.1.0)",NA,"MIT + file LICENSE",NA,NA,NA,NA,"no","4.2.0"
"dygraphs","dygraphs","/Library/Frameworks/R.framework/Versions/4.2-arm64/Resources/library","1.1.1.6",NA,"R (>= 3.0)","magrittr, htmlwidgets (>= 0.6), htmltools (>= 0.3.5), zoo (>=
1.7-10), xts (>= 0.9-7)",NA,"testthat","rmarkdown (>= 0.3.3), shiny (>= 0.10.2.1)","MIT + file LICENSE",NA,NA,NA,NA,"no","4.2.0"
"e1071","e1071","/Library/Frameworks/R.framework/Versions/4.2-arm64/Resources/library","1.7-12",NA,NA,"graphics, grDevices, class, stats, methods, utils, proxy",NA,"cluster, mlbench, nnet, randomForest, rpart, SparseM, xtable,
Matrix, MASS, slam",NA,"GPL-2 | GPL-3",NA,NA,NA,NA,"yes","4.2.0"
"ellipsis","ellipsis","/Library/Frameworks/R.framework/Versions/4.2-arm64/Resources/library","0.3.2",NA,"R (>= 3.2)","rlang (>= 0.3.0)",NA,"covr, testthat",NA,"MIT + file LICENSE",NA,NA,NA,NA,"yes","4.2.0"
"esquisse","esquisse","/Library/Frameworks/R.framework/Versions/4.2-arm64/Resources/library","1.1.2",NA,NA,"datamods (>= 1.2.0), ggplot2 (>= 3.0.0), grDevices, htmltools
(>= 0.5.0), jsonlite, phosphoricons, rlang (>= 0.3.1),
rstudioapi, scales, shiny (>= 1.1.0), shinyWidgets (>= 0.6.0)",NA,"officer, rvg, rio, testthat (>= 2.1.0), knitr, rmarkdown,
ggthemes, hrbrthemes",NA,"GPL-3 | file LICENSE",NA,NA,NA,NA,"no","4.2.0"
"eulerr","eulerr","/Library/Frameworks/R.framework/Versions/4.2-arm64/Resources/library","6.1.1",NA,"R (>= 3.3.0)","GenSA, graphics, grDevices, grid, polyclip, polylabelr, Rcpp,
stats, utils","Rcpp (>= 0.12.12), RcppArmadillo (>= 0.7.600.1.0)","covr, knitr, lattice, pBrackets, RConics, rmarkdown,
testthat, spelling",NA,"GPL-3",NA,NA,NA,NA,"yes","4.2.0"
"evaluate","evaluate","/Library/Frameworks/R.framework/Versions/4.2-arm64/Resources/library","0.19",NA,"R (>= 3.0.2)","methods",NA,"covr, ggplot2, lattice, testthat",NA,"MIT + file LICENSE",NA,NA,NA,NA,"no","4.2.1"
"evd","evd","/Library/Frameworks/R.framework/Versions/4.2-arm64/Resources/library","2.3-6.1",NA,NA,"stats, grDevices, graphics",NA,"interp",NA,"GPL-3",NA,NA,NA,NA,"yes","4.2.0"
"extrafont","extrafont","/Library/Frameworks/R.framework/Versions/4.2-arm64/Resources/library","0.18",NA,"R (>= 2.15)","extrafontdb, grDevices, utils, Rttf2pt1",NA,"fontcm",NA,"GPL-2",NA,NA,NA,NA,"no","4.2.0"
"extrafontdb","extrafontdb","/Library/Frameworks/R.framework/Versions/4.2-arm64/Resources/library","1.0",NA,"R (>= 2.14)",NA,NA,NA,NA,"GPL-2",NA,NA,NA,NA,NA,"4.2.0"
"fansi","fansi","/Library/Frameworks/R.framework/Versions/4.2-arm64/Resources/library","1.0.3",NA,"R (>= 3.1.0)","grDevices, utils",NA,"unitizer, knitr, rmarkdown",NA,"GPL-2 | GPL-3",NA,NA,NA,NA,"yes","4.2.0"
"farver","farver","/Library/Frameworks/R.framework/Versions/4.2-arm64/Resources/library","2.1.1",NA,NA,NA,NA,"covr, testthat (>= 3.0.0)",NA,"MIT + file LICENSE",NA,NA,NA,NA,"yes","4.2.0"
"fastmap","fastmap","/Library/Frameworks/R.framework/Versions/4.2-arm64/Resources/library","1.1.0",NA,NA,NA,NA,"testthat (>= 2.1.1)",NA,"MIT + file LICENSE",NA,NA,NA,NA,"yes","4.2.0"
"fBasics","fBasics","/Library/Frameworks/R.framework/Versions/4.2-arm64/Resources/library","4021.93",NA,"R (>= 2.15.1)","timeDate, timeSeries, stats, grDevices, graphics, methods,
utils, MASS, spatial, gss, stabledist",NA,"interp, RUnit, tcltk",NA,"GPL (>= 2)",NA,NA,NA,NA,"yes","4.2.0"
"fedmatch","fedmatch","/Library/Frameworks/R.framework/Versions/4.2-arm64/Resources/library","2.0.5",NA,"R (>= 3.5.3)","stringdist, SnowballC, stringr, purrr, Rcpp, parallel,
forcats, data.table, magrittr, scales","Rcpp, BH","testthat, knitr, rmarkdown",NA,"MIT + file LICENSE",NA,NA,NA,NA,"yes","4.2.0"
"fontawesome","fontawesome","/Library/Frameworks/R.framework/Versions/4.2-arm64/Resources/library","0.5.0",NA,"R (>= 3.3.0)","rlang (>= 1.0.6), htmltools (>= 0.5.1.1)",NA,"covr, dplyr (>= 1.0.8), knitr (>= 1.31), testthat (>= 3.0.0),
rsvg",NA,"MIT + file LICENSE",NA,NA,NA,NA,"no","4.2.1"
"forcats","forcats","/Library/Frameworks/R.framework/Versions/4.2-arm64/Resources/library","0.5.2",NA,"R (>= 3.4)","cli, ellipsis, glue, lifecycle, magrittr, rlang (>= 1.0.0),
tibble, withr",NA,"covr, dplyr, ggplot2, knitr, readr, rmarkdown, testthat (>=
3.0.0)",NA,"MIT + file LICENSE",NA,NA,NA,NA,"no","4.2.0"
"foreach","foreach","/Library/Frameworks/R.framework/Versions/4.2-arm64/Resources/library","1.5.2",NA,"R (>= 2.5.0)","codetools, utils, iterators",NA,"randomForest, doMC, doParallel, testthat, knitr, rmarkdown",NA,"Apache License (== 2.0)",NA,NA,NA,NA,"no","4.2.0"
"foreign","foreign","/Library/Frameworks/R.framework/Versions/4.2-arm64/Resources/library","0.8-82","recommended","R (>= 4.0.0)","methods, utils, stats",NA,NA,NA,"GPL (>= 2)",NA,NA,NA,NA,"yes","4.2.1"
"formatR","formatR","/Library/Frameworks/R.framework/Versions/4.2-arm64/Resources/library","1.14",NA,"R (>= 3.2.3)",NA,NA,"rstudioapi, shiny, testit, rmarkdown, knitr",NA,"GPL",NA,NA,NA,NA,"no","4.2.1"
"Formula","Formula","/Library/Frameworks/R.framework/Versions/4.2-arm64/Resources/library","1.2-4",NA,"R (>= 2.0.0), stats",NA,NA,NA,NA,"GPL-2 | GPL-3",NA,NA,NA,NA,"no","4.2.0"
"fs","fs","/Library/Frameworks/R.framework/Versions/4.2-arm64/Resources/library","1.6.0",NA,"R (>= 3.4)","methods",NA,"covr, crayon, knitr, pillar (>= 1.0.0), rmarkdown, spelling,
testthat (>= 3.0.0), tibble (>= 1.1.0), vctrs (>= 0.3.0), withr",NA,"MIT + file LICENSE",NA,NA,NA,NA,"yes","4.2.1"
"future","future","/Library/Frameworks/R.framework/Versions/4.2-arm64/Resources/library","1.29.0",NA,NA,"digest, globals (>= 0.16.1), listenv (>= 0.8.0), parallel,
parallelly (>= 1.32.1), tools, utils",NA,"methods, RhpcBLASctl, R.rsp, markdown",NA,"LGPL (>= 2.1)",NA,NA,NA,NA,"no","4.2.0"
"future.apply","future.apply","/Library/Frameworks/R.framework/Versions/4.2-arm64/Resources/library","1.10.0",NA,"R (>= 3.2.0), future (>= 1.28.0)","globals (>= 0.16.1), parallel, utils",NA,"datasets, stats, tools, listenv (>= 0.8.0), R.rsp, markdown",NA,"GPL (>= 2)",NA,NA,NA,NA,"no","4.2.0"
"gargle","gargle","/Library/Frameworks/R.framework/Versions/4.2-arm64/Resources/library","1.2.1",NA,"R (>= 3.5)","cli (>= 3.0.0), fs (>= 1.3.1), glue (>= 1.3.0), httr (>=
1.4.0), jsonlite, rappdirs, rlang (>= 1.0.0), rstudioapi,
stats, utils, withr",NA,"aws.ec2metadata, aws.signature, covr, httpuv, knitr, mockr,
rmarkdown, sodium, spelling, testthat (>= 3.1.2)",NA,"MIT + file LICENSE",NA,NA,NA,NA,"no","4.2.0"
"generics","generics","/Library/Frameworks/R.framework/Versions/4.2-arm64/Resources/library","0.1.3",NA,"R (>= 3.2)","methods",NA,"covr, pkgload, testthat (>= 3.0.0), tibble, withr",NA,"MIT + file LICENSE",NA,NA,NA,NA,"no","4.2.0"
"GenSA","GenSA","/Library/Frameworks/R.framework/Versions/4.2-arm64/Resources/library","1.1.7",NA,"R (>= 2.12.0)",NA,NA,NA,NA,"GPL-2",NA,NA,NA,NA,"yes","4.2.0"
"gert","gert","/Library/Frameworks/R.framework/Versions/4.2-arm64/Resources/library","1.9.2",NA,NA,"askpass, credentials (>= 1.2.1), openssl (>= 2.0.3),
rstudioapi (>= 0.11), sys, zip (>= 2.1.0)",NA,"spelling, knitr, rmarkdown, testthat",NA,"MIT + file LICENSE",NA,NA,NA,NA,"yes","4.2.0"
"ggdist","ggdist","/Library/Frameworks/R.framework/Versions/4.2-arm64/Resources/library","3.2.1",NA,"R (>= 3.5.0)","tidyselect, dplyr (>= 1.0.0), ggplot2 (>= 3.4.0), rlang (>=
0.3.0), scales, grid, HDInterval, tibble, vctrs, withr,
distributional (>= 0.3.0), numDeriv, glue, quadprog",NA,"knitr, testthat, vdiffr (>= 1.0.0), svglite (>= 2.1.0), broom
(>= 0.5.6), modelr, cowplot, patchwork, covr, rmarkdown, png,
fda, forcats, purrr (>= 0.2.3), tidyr (>= 1.0.0), beeswarm (>=
0.4.0), posterior, pkgdown, palmerpenguins",NA,"GPL (>= 3)",NA,NA,NA,NA,"no","4.2.0"
"ggnewscale","ggnewscale","/Library/Frameworks/R.framework/Versions/4.2-arm64/Resources/library","0.4.8",NA,NA,"ggplot2 (>= 3.0.0)",NA,"testthat, vdiffr, covr",NA,"GPL-3",NA,NA,NA,NA,"no","4.2.0"
"ggplot2","ggplot2","/Library/Frameworks/R.framework/Versions/4.2-arm64/Resources/library","3.4.0",NA,"R (>= 3.3)","cli, glue, grDevices, grid, gtable (>= 0.1.1), isoband,
lifecycle (> 1.0.1), MASS, mgcv, rlang (>= 1.0.0), scales (>=
1.2.0), stats, tibble, vctrs (>= 0.5.0), withr (>= 2.5.0)",NA,"covr, dplyr, ggplot2movies, hexbin, Hmisc, knitr, lattice,
mapproj, maps, maptools, multcomp, munsell, nlme, profvis,
quantreg, ragg, RColorBrewer, rgeos, rmarkdown, rpart, sf (>=
0.7-3), svglite (>= 1.2.0.9001), testthat (>= 3.1.2), vdiffr
(>= 1.0.0), xml2","sp","MIT + file LICENSE",NA,NA,NA,NA,"no","4.2.0"
"ggridges","ggridges","/Library/Frameworks/R.framework/Versions/4.2-arm64/Resources/library","0.5.4",NA,"R (>= 3.2)","ggplot2 (>= 3.0.0), grid (>= 3.0.0), scales (>= 0.4.1), withr
(>= 2.1.1)",NA,"covr, dplyr, patchwork, ggplot2movies, forcats, knitr,
rmarkdown, testthat, vdiffr",NA,"GPL-2 | file LICENSE",NA,NA,NA,NA,"no","4.2.0"
"ggthemes","ggthemes","/Library/Frameworks/R.framework/Versions/4.2-arm64/Resources/library","4.2.4",NA,"R (>= 3.3.0)","ggplot2 (>= 3.0.0), graphics, grid, methods, purrr, scales,
stringr, tibble",NA,"dplyr, covr, extrafont, glue, knitr, lattice, lintr, maps,
mapproj, pander, rlang, rmarkdown, spelling, testthat, tidyr,
vdiffr, withr",NA,"GPL-2",NA,NA,NA,NA,"no","4.2.0"
"gh","gh","/Library/Frameworks/R.framework/Versions/4.2-arm64/Resources/library","1.3.1",NA,"R (>= 3.4)","cli (>= 3.0.1), gitcreds, httr (>= 1.2), ini, jsonlite",NA,"covr, knitr, mockery, rmarkdown, rprojroot, spelling,
testthat (>= 3.0.0), withr",NA,"MIT + file LICENSE",NA,NA,NA,NA,"no","4.2.0"
"gitcreds","gitcreds","/Library/Frameworks/R.framework/Versions/4.2-arm64/Resources/library","0.1.2",NA,"R (>= 3.4)",NA,NA,"codetools, covr, knitr, mockery, oskeyring, rmarkdown,
testthat (>= 3.0.0), withr",NA,"MIT + file LICENSE",NA,NA,NA,NA,"no","4.2.0"
"glmnet","glmnet","/Library/Frameworks/R.framework/Versions/4.2-arm64/Resources/library","4.1-6",NA,"R (>= 3.6.0), Matrix (>= 1.0-6)","methods, utils, foreach, shape, survival, Rcpp","RcppEigen, Rcpp","knitr, lars, testthat, xfun, rmarkdown",NA,"GPL-2",NA,NA,NA,NA,"yes","4.2.0"
"globals","globals","/Library/Frameworks/R.framework/Versions/4.2-arm64/Resources/library","0.16.2",NA,"R (>= 3.1.2)","codetools",NA,NA,NA,"LGPL (>= 2.1)",NA,NA,NA,NA,"no","4.2.0"
"glue","glue","/Library/Frameworks/R.framework/Versions/4.2-arm64/Resources/library","1.6.2",NA,"R (>= 3.4)","methods",NA,"covr, crayon, DBI, dplyr, forcats, ggplot2, knitr, magrittr,
microbenchmark, R.utils, rmarkdown, rprintf, RSQLite, stringr,
testthat (>= 3.0.0), vctrs (>= 0.3.0), waldo (>= 0.3.0), withr",NA,"MIT + file LICENSE",NA,NA,NA,NA,"yes","4.2.0"
"gmm","gmm","/Library/Frameworks/R.framework/Versions/4.2-arm64/Resources/library","1.7",NA,"R (>= 2.10.0), sandwich","stats, methods, grDevices, graphics",NA,"knitr, mvtnorm, car, stabledist, MASS, timeDate, timeSeries",NA,"GPL (>= 2)",NA,NA,NA,NA,"yes","4.2.0"
"gmp","gmp","/Library/Frameworks/R.framework/Versions/4.2-arm64/Resources/library","0.6-10",NA,"R (>= 3.5.0)","methods",NA,"Rmpfr, MASS, round",NA,"GPL (>= 2)",NA,NA,NA,NA,"yes","4.2.0"
"googledrive","googledrive","/Library/Frameworks/R.framework/Versions/4.2-arm64/Resources/library","2.0.0",NA,"R (>= 3.3)","cli (>= 3.0.0), gargle (>= 1.2.0), glue (>= 1.4.2), httr,
jsonlite, lifecycle, magrittr, pillar, purrr (>= 0.2.3), rlang
(>= 0.4.9), tibble (>= 2.0.0), utils, uuid, vctrs (>= 0.3.0),
withr",NA,"covr, curl, downlit, dplyr (>= 1.0.0), knitr, mockr,
rmarkdown, roxygen2, sodium, spelling, testthat (>= 3.0.0)",NA,"MIT + file LICENSE",NA,NA,NA,NA,"no","4.2.0"
"googlesheets4","googlesheets4","/Library/Frameworks/R.framework/Versions/4.2-arm64/Resources/library","1.0.1",NA,"R (>= 3.4)","cellranger, cli (>= 3.0.0), curl, gargle (>= 1.2.0), glue (>=
1.3.0), googledrive (>= 2.0.0), httr, ids, magrittr, methods,
purrr, rematch2, rlang (>= 1.0.2), tibble (>= 2.1.1), utils,
vctrs (>= 0.2.3)",NA,"covr, readr, rmarkdown, sodium, spelling, testthat (>=
3.1.3), withr",NA,"MIT + file LICENSE",NA,NA,NA,NA,"no","4.2.0"
"gower","gower","/Library/Frameworks/R.framework/Versions/4.2-arm64/Resources/library","1.0.0",NA,NA,NA,NA,"tinytest (>= 0.9.3),",NA,"GPL-3",NA,NA,NA,NA,"yes","4.2.0"
"gplots","gplots","/Library/Frameworks/R.framework/Versions/4.2-arm64/Resources/library","3.1.3",NA,"R (>= 3.0)","gtools, stats, caTools, KernSmooth, methods",NA,"grid, MASS, knitr, r2d2",NA,"GPL-2",NA,NA,NA,NA,"no","4.2.0"
"graphics","graphics","/Library/Frameworks/R.framework/Versions/4.2-arm64/Resources/library","4.2.1","base",NA,"grDevices",NA,NA,NA,"Part of R 4.2.1",NA,NA,NA,NA,"yes","4.2.1"
"grDevices","grDevices","/Library/Frameworks/R.framework/Versions/4.2-arm64/Resources/library","4.2.1","base",NA,NA,NA,"KernSmooth",NA,"Part of R 4.2.1",NA,NA,NA,NA,"yes","4.2.1"
"grf","grf","/Library/Frameworks/R.framework/Versions/4.2-arm64/Resources/library","2.2.1",NA,"R (>= 3.5.0)","DiceKriging, lmtest, Matrix, methods, Rcpp (>= 0.12.15),
sandwich (>= 2.4-0)","Rcpp, RcppEigen","DiagrammeR, MASS, rdd, survival (>= 3.2-8), testthat (>=
3.0.4)",NA,"GPL-3",NA,NA,NA,NA,"yes","4.2.1"
"grid","grid","/Library/Frameworks/R.framework/Versions/4.2-arm64/Resources/library","4.2.1","base",NA,"grDevices, utils",NA,NA,NA,"Part of R 4.2.1",NA,NA,NA,NA,"yes","4.2.1"
"gridExtra","gridExtra","/Library/Frameworks/R.framework/Versions/4.2-arm64/Resources/library","2.3",NA,NA,"gtable, grid, grDevices, graphics, utils",NA,"ggplot2, egg, lattice, knitr, testthat",NA,"GPL (>= 2)",NA,NA,NA,NA,"no","4.2.0"
"gss","gss","/Library/Frameworks/R.framework/Versions/4.2-arm64/Resources/library","2.2-3",NA,"R (>= 3.0.0), stats",NA,NA,NA,NA,"GPL (>= 2)",NA,NA,NA,NA,"yes","4.2.0"
"gtable","gtable","/Library/Frameworks/R.framework/Versions/4.2-arm64/Resources/library","0.3.1",NA,"R (>= 3.0)","grid",NA,"covr, testthat, knitr, rmarkdown, ggplot2, profvis",NA,"MIT + file LICENSE",NA,NA,NA,NA,"no","4.2.0"
"gtools","gtools","/Library/Frameworks/R.framework/Versions/4.2-arm64/Resources/library","3.9.3",NA,"methods, stats, utils",NA,NA,"car, gplots, knitr, rstudioapi, SGP, taxize",NA,"GPL-2",NA,NA,NA,NA,"yes","4.2.0"
"hardhat","hardhat","/Library/Frameworks/R.framework/Versions/4.2-arm64/Resources/library","1.2.0",NA,"R (>= 3.4.0)","glue (>= 1.6.2), rlang (>= 1.0.3), tibble (>= 3.1.7), vctrs
(>= 0.4.1)",NA,"covr, crayon, devtools, knitr, Matrix, modeldata (>= 0.0.2),
recipes (>= 0.1.8), rmarkdown (>= 2.3), roxygen2, testthat (>=
3.0.0), usethis (>= 2.1.5)",NA,"MIT + file LICENSE",NA,NA,NA,NA,"no","4.2.0"
"haven","haven","/Library/Frameworks/R.framework/Versions/4.2-arm64/Resources/library","2.5.1",NA,"R (>= 3.4)","cli (>= 3.0.0), forcats (>= 0.2.0), hms, lifecycle, methods,
readr (>= 0.1.0), rlang (>= 0.4.0), tibble, tidyselect, vctrs
(>= 0.3.0)","cpp11","covr, crayon, fs, knitr, pillar (>= 1.4.0), rmarkdown,
testthat (>= 3.0.0)",NA,"MIT + file LICENSE",NA,NA,NA,NA,"yes","4.2.0"
"HDInterval","HDInterval","/Library/Frameworks/R.framework/Versions/4.2-arm64/Resources/library","0.2.4",NA,NA,NA,NA,"coda",NA,"GPL-3",NA,NA,NA,NA,"no","4.2.0"
"highr","highr","/Library/Frameworks/R.framework/Versions/4.2-arm64/Resources/library","0.9",NA,"R (>= 3.2.3)","xfun (>= 0.18)",NA,"knitr, markdown, testit",NA,"GPL",NA,NA,NA,NA,"no","4.2.0"
"hms","hms","/Library/Frameworks/R.framework/Versions/4.2-arm64/Resources/library","1.1.2",NA,NA,"ellipsis (>= 0.3.2), lifecycle, methods, pkgconfig, rlang,
vctrs (>= 0.3.8)",NA,"crayon, lubridate, pillar (>= 1.1.0), testthat (>= 3.0.0)",NA,"MIT + file LICENSE",NA,NA,NA,NA,"no","4.2.0"
"htmltools","htmltools","/Library/Frameworks/R.framework/Versions/4.2-arm64/Resources/library","0.5.4",NA,"R (>= 2.14.1)","utils, digest, grDevices, base64enc, rlang (>= 0.4.10),
fastmap (>= 1.1.0), ellipsis",NA,"markdown, testthat, withr, Cairo, ragg, shiny","knitr","GPL (>= 2)",NA,NA,NA,NA,"yes","4.2.0"
"htmlwidgets","htmlwidgets","/Library/Frameworks/R.framework/Versions/4.2-arm64/Resources/library","1.5.4",NA,NA,"grDevices, htmltools (>= 0.3), jsonlite (>= 0.9.16), yaml",NA,"knitr (>= 1.8), rmarkdown, testthat","shiny (>= 1.1)","MIT + file LICENSE",NA,NA,NA,NA,"no","4.2.0"
"httpuv","httpuv","/Library/Frameworks/R.framework/Versions/4.2-arm64/Resources/library","1.6.8",NA,"R (>= 2.15.1)","Rcpp (>= 1.0.7), utils, R6, promises, later (>= 0.8.0)","Rcpp, later","testthat, callr, curl, websocket",NA,"GPL (>= 2) | file LICENSE",NA,NA,NA,NA,"yes","4.2.1"
"httr","httr","/Library/Frameworks/R.framework/Versions/4.2-arm64/Resources/library","1.4.4",NA,"R (>= 3.2)","curl (>= 3.0.0), jsonlite, mime, openssl (>= 0.8), R6",NA,"covr, httpuv, jpeg, knitr, png, readr, rmarkdown, testthat
(>= 0.8.0), xml2",NA,"MIT + file LICENSE",NA,NA,NA,NA,"no","4.2.0"
"ids","ids","/Library/Frameworks/R.framework/Versions/4.2-arm64/Resources/library","1.0.1",NA,NA,"openssl, uuid",NA,"knitr, rcorpora, rmarkdown, testthat",NA,"MIT + file LICENSE",NA,NA,NA,NA,"no","4.2.0"
"igraph","igraph","/Library/Frameworks/R.framework/Versions/4.2-arm64/Resources/library","1.3.5",NA,"methods","graphics, grDevices, magrittr, Matrix, pkgconfig (>= 2.0.0),
rlang, stats, utils",NA,"ape, graph, igraphdata, rgl, scales, stats4, tcltk, testthat,
withr, digest",NA,"GPL (>= 2)",NA,NA,NA,NA,"yes","4.2.0"
"ini","ini","/Library/Frameworks/R.framework/Versions/4.2-arm64/Resources/library","0.3.1",NA,NA,NA,NA,"testthat",NA,"GPL-3",NA,NA,NA,NA,"no","4.2.0"
"inline","inline","/Library/Frameworks/R.framework/Versions/4.2-arm64/Resources/library","0.3.19",NA,NA,"methods",NA,"Rcpp (>= 0.11.0), tinytest",NA,"LGPL",NA,NA,NA,NA,"no","4.2.0"
"ipred","ipred","/Library/Frameworks/R.framework/Versions/4.2-arm64/Resources/library","0.9-13",NA,"R (>= 2.10)","rpart (>= 3.1-8), MASS, survival, nnet, class, prodlim",NA,"mvtnorm, mlbench, TH.data, randomForest, party",NA,"GPL (>= 2)",NA,NA,NA,NA,"yes","4.2.0"
"isoband","isoband","/Library/Frameworks/R.framework/Versions/4.2-arm64/Resources/library","0.2.6",NA,NA,"grid, utils",NA,"covr, ggplot2, knitr, magick, microbenchmark, rmarkdown, sf,
testthat, xml2",NA,"MIT + file LICENSE",NA,NA,NA,NA,"yes","4.2.0"
"iterators","iterators","/Library/Frameworks/R.framework/Versions/4.2-arm64/Resources/library","1.0.14",NA,"R (>= 2.5.0), utils",NA,NA,"RUnit, foreach",NA,"Apache License (== 2.0)",NA,NA,NA,NA,"no","4.2.0"
"jquerylib","jquerylib","/Library/Frameworks/R.framework/Versions/4.2-arm64/Resources/library","0.1.4",NA,NA,"htmltools",NA,"testthat",NA,"MIT + file LICENSE",NA,NA,NA,NA,"no","4.2.0"
"jsonlite","jsonlite","/Library/Frameworks/R.framework/Versions/4.2-arm64/Resources/library","1.8.4",NA,"methods",NA,NA,"httr, vctrs, testthat, knitr, rmarkdown, R.rsp, sf",NA,"MIT + file LICENSE",NA,NA,NA,NA,"yes","4.2.0"
"kernlab","kernlab","/Library/Frameworks/R.framework/Versions/4.2-arm64/Resources/library","0.9-31",NA,"R (>= 2.10)","methods, stats, grDevices, graphics",NA,NA,NA,"GPL-2",NA,NA,NA,NA,"yes","4.2.0"
"KernSmooth","KernSmooth","/Library/Frameworks/R.framework/Versions/4.2-arm64/Resources/library","2.23-20","recommended","R (>= 2.5.0), stats",NA,NA,"MASS, carData",NA,"Unlimited",NA,NA,NA,NA,"yes","4.2.1"
"knitr","knitr","/Library/Frameworks/R.framework/Versions/4.2-arm64/Resources/library","1.41",NA,"R (>= 3.3.0)","evaluate (>= 0.15), highr, methods, stringr (>= 0.6), yaml (>=
2.1.19), xfun (>= 0.34), tools",NA,"markdown (>= 1.3), formatR, testit, digest, rgl (>=
0.95.1201), codetools, rmarkdown, htmlwidgets (>= 0.7),
webshot, tikzDevice (>= 0.10), tinytex, reticulate (>= 1.4),
JuliaCall (>= 0.11.1), magick, png, jpeg, gifski, xml2 (>=
1.2.0), httr, DBI (>= 0.4-1), showtext, tibble, sass, bslib,
ragg, gridSVG, styler (>= 1.2.0), targets (>= 0.6.0)",NA,"GPL",NA,NA,NA,NA,"no","4.2.0"
"labeling","labeling","/Library/Frameworks/R.framework/Versions/4.2-arm64/Resources/library","0.4.2",NA,NA,"stats, graphics",NA,NA,NA,"MIT + file LICENSE | Unlimited",NA,NA,NA,NA,"no","4.2.0"
"later","later","/Library/Frameworks/R.framework/Versions/4.2-arm64/Resources/library","1.3.0",NA,NA,"Rcpp (>= 0.12.9), rlang","Rcpp","knitr, rmarkdown, testthat (>= 2.1.0)",NA,"MIT + file LICENSE",NA,NA,NA,NA,"yes","4.2.0"
"lattice","lattice","/Library/Frameworks/R.framework/Versions/4.2-arm64/Resources/library","0.20-45","recommended","R (>= 3.0.0)","grid, grDevices, graphics, stats, utils",NA,"KernSmooth, MASS, latticeExtra","chron","GPL (>= 2)",NA,NA,NA,NA,"yes","4.2.1"
"lava","lava","/Library/Frameworks/R.framework/Versions/4.2-arm64/Resources/library","1.7.0",NA,"R (>= 3.0)","future.apply, grDevices, graphics, methods, numDeriv,
progressr, stats, survival, SQUAREM, utils",NA,"KernSmooth, Matrix, Rgraphviz, data.table, ellipse, fields,
geepack, gof (>= 0.9), graph, knitr, bookdown, rmarkdown,
igraph (>= 0.6), lava.tobit (>= 0.4.7), lavaSearch2, lme4, mets
(>= 1.1), nlme, optimx, polycor, quantreg, rgl, R.rsp (>=
0.40), targeted (>= 0.2), testthat (>= 0.11), visNetwork, zoo",NA,"GPL-3",NA,NA,NA,NA,"no","4.2.0"
"lazyeval","lazyeval","/Library/Frameworks/R.framework/Versions/4.2-arm64/Resources/library","0.2.2",NA,"R (>= 3.1.0)",NA,NA,"knitr, rmarkdown (>= 0.2.65), testthat, covr",NA,"GPL-3",NA,NA,NA,NA,"yes","4.2.0"
"lifecycle","lifecycle","/Library/Frameworks/R.framework/Versions/4.2-arm64/Resources/library","1.0.3",NA,"R (>= 3.4)","cli (>= 3.4.0), glue, rlang (>= 1.0.6)",NA,"covr, crayon, knitr, lintr, rmarkdown, testthat (>= 3.0.1),
tibble, tidyverse, tools, vctrs, withr",NA,"MIT + file LICENSE",NA,NA,NA,NA,"no","4.2.0"
"listenv","listenv","/Library/Frameworks/R.framework/Versions/4.2-arm64/Resources/library","0.8.0",NA,"R (>= 3.1.2)",NA,NA,"R.utils, R.rsp, markdown",NA,"LGPL (>= 2.1)",NA,NA,NA,NA,"no","4.2.0"
"lme4","lme4","/Library/Frameworks/R.framework/Versions/4.2-arm64/Resources/library","1.1-31",NA,"R (>= 3.5.0), Matrix (>= 1.2-1), methods, stats","graphics, grid, splines, utils, parallel, MASS, lattice, boot,
nlme (>= 3.1-123), minqa (>= 1.1.15), nloptr (>= 1.0.4)","Rcpp (>= 0.10.5), RcppEigen","knitr, rmarkdown, MEMSS, testthat (>= 0.8.1), ggplot2,
mlmRev, optimx (>= 2013.8.6), gamm4, pbkrtest, HSAUR3,
numDeriv, car, dfoptim, mgcv, statmod, rr2, semEff, tibble,
merDeriv",NA,"GPL (>= 2)",NA,NA,NA,NA,"yes","4.2.0"
"lmtest","lmtest","/Library/Frameworks/R.framework/Versions/4.2-arm64/Resources/library","0.9-40",NA,"R (>= 3.0.0), stats, zoo","graphics",NA,"car, strucchange, sandwich, dynlm, stats4, survival, AER",NA,"GPL-2 | GPL-3",NA,NA,NA,NA,"yes","4.2.0"
"loo","loo","/Library/Frameworks/R.framework/Versions/4.2-arm64/Resources/library","2.5.1",NA,"R (>= 3.1.2)","checkmate, matrixStats (>= 0.52), parallel, stats",NA,"bayesplot (>= 1.7.0), brms (>= 2.10.0), ggplot2, graphics,
knitr, rmarkdown, rstan, rstanarm (>= 2.19.0), rstantools,
spdep, testthat (>= 2.1.0)",NA,"GPL (>= 3)",NA,NA,NA,NA,"no","4.2.0"
"lubridate","lubridate","/Library/Frameworks/R.framework/Versions/4.2-arm64/Resources/library","1.9.0",NA,"methods, timechange (>= 0.1.1), R (>= 3.2)","generics",NA,"covr, knitr, rmarkdown, testthat (>= 2.1.0), vctrs (>= 0.5.0)","chron, data.table, timeDate, tis, zoo","GPL (>= 2)",NA,NA,NA,NA,"yes","4.2.0"
"magrittr","magrittr","/Library/Frameworks/R.framework/Versions/4.2-arm64/Resources/library","2.0.3",NA,"R (>= 3.4.0)",NA,NA,"covr, knitr, rlang, rmarkdown, testthat",NA,"MIT + file LICENSE",NA,NA,NA,NA,"yes","4.2.0"
"maps","maps","/Library/Frameworks/R.framework/Versions/4.2-arm64/Resources/library","3.4.1",NA,"R (>= 3.5.0)","graphics, utils",NA,"mapproj (>= 1.2-0), mapdata (>= 2.3.0), sp, rnaturalearth",NA,"GPL-2",NA,NA,NA,NA,"yes","4.2.0"
"markdown","markdown","/Library/Frameworks/R.framework/Versions/4.2-arm64/Resources/library","1.4",NA,"R (>= 2.11.1)","utils, commonmark, xfun, mime (>= 0.3)",NA,"knitr, rmarkdown (>= 2.18), yaml, RCurl",NA,"GPL-2",NA,NA,NA,NA,"no","4.2.0"
"MASS","MASS","/Library/Frameworks/R.framework/Versions/4.2-arm64/Resources/library","7.3-57","recommended","R (>= 3.3.0), grDevices, graphics, stats, utils","methods",NA,"lattice, nlme, nnet, survival",NA,"GPL-2 | GPL-3",NA,NA,NA,NA,"yes","4.2.1"
"Matrix","Matrix","/Library/Frameworks/R.framework/Versions/4.2-arm64/Resources/library","1.5-3","recommended","R (>= 3.5.0), methods","graphics, grid, lattice, stats, utils",NA,"expm, MASS","MatrixModels, graph, SparseM, sfsmisc, igraph, maptools, sp,
spdep","GPL (>= 2) | file LICENCE",NA,NA,NA,NA,"yes","4.2.0"
"MatrixModels","MatrixModels","/Library/Frameworks/R.framework/Versions/4.2-arm64/Resources/library","0.5-1",NA,"R (>= 3.6.0)","stats, methods, Matrix (>= 1.4-2)",NA,NA,NA,"GPL (>= 2)",NA,NA,NA,NA,"no","4.2.0"
"matrixStats","matrixStats","/Library/Frameworks/R.framework/Versions/4.2-arm64/Resources/library","0.62.0",NA,"R (>= 2.12.0)",NA,NA,"base64enc, ggplot2, knitr, markdown, microbenchmark,
R.devices, R.rsp",NA,"Artistic-2.0",NA,NA,NA,NA,"yes","4.2.0"
"maxLik","maxLik","/Library/Frameworks/R.framework/Versions/4.2-arm64/Resources/library","1.5-2",NA,"R (>= 2.4.0), miscTools (>= 0.6-8), methods","sandwich, generics",NA,"MASS, clue, dlm, plot3D, tibble, tinytest",NA,"GPL (>= 2)",NA,NA,NA,NA,"no","4.2.0"
"mcmc","mcmc","/Library/Frameworks/R.framework/Versions/4.2-arm64/Resources/library","0.9-7",NA,"R (>= 3.0.2)","stats",NA,"xtable, Iso",NA,"MIT + file LICENSE",NA,NA,NA,NA,"yes","4.2.0"
"MCMCpack","MCMCpack","/Library/Frameworks/R.framework/Versions/4.2-arm64/Resources/library","1.6-3",NA,"R (>= 3.6), coda (>= 0.11-3), MASS, stats","graphics, grDevices, lattice, methods, utils, mcmc, quantreg",NA,NA,NA,"GPL-3",NA,NA,NA,NA,"yes","4.2.0"
"memoise","memoise","/Library/Frameworks/R.framework/Versions/4.2-arm64/Resources/library","2.0.1",NA,NA,"rlang (>= 0.4.10), cachem",NA,"digest, aws.s3, covr, googleAuthR, googleCloudStorageR, httr,
testthat",NA,"MIT + file LICENSE",NA,NA,NA,NA,"no","4.2.0"
"methods","methods","/Library/Frameworks/R.framework/Versions/4.2-arm64/Resources/library","4.2.1","base",NA,"utils, stats",NA,"codetools",NA,"Part of R 4.2.1",NA,NA,NA,NA,"yes","4.2.1"
"mgcv","mgcv","/Library/Frameworks/R.framework/Versions/4.2-arm64/Resources/library","1.8-40","recommended","R (>= 3.6.0), nlme (>= 3.1-64)","methods, stats, graphics, Matrix, splines, utils",NA,"parallel, survival, MASS",NA,"GPL (>= 2)",NA,NA,NA,NA,"yes","4.2.1"
"mime","mime","/Library/Frameworks/R.framework/Versions/4.2-arm64/Resources/library","0.12",NA,NA,"tools",NA,NA,NA,"GPL",NA,NA,NA,NA,"yes","4.2.0"
"miniUI","miniUI","/Library/Frameworks/R.framework/Versions/4.2-arm64/Resources/library","0.1.1.1",NA,NA,"shiny (>= 0.13), htmltools (>= 0.3), utils",NA,NA,NA,"GPL-3",NA,NA,NA,NA,"no","4.2.0"
"minqa","minqa","/Library/Frameworks/R.framework/Versions/4.2-arm64/Resources/library","1.2.5",NA,NA,"Rcpp (>= 0.9.10)","Rcpp",NA,NA,"GPL-2",NA,NA,NA,NA,"yes","4.2.0"
"miscTools","miscTools","/Library/Frameworks/R.framework/Versions/4.2-arm64/Resources/library","0.6-26",NA,"R (>= 2.14.0)","digest",NA,"Ecdat (>= 0.1-5)",NA,"GPL (>= 2)",NA,NA,NA,NA,"no","4.2.0"
"MLmetrics","MLmetrics","/Library/Frameworks/R.framework/Versions/4.2-arm64/Resources/library","1.1.1",NA,"R (>= 2.10)","stats, utils, ROCR",NA,"e1071",NA,"GPL-2",NA,NA,NA,NA,"no","4.2.0"
"modeest","modeest","/Library/Frameworks/R.framework/Versions/4.2-arm64/Resources/library","2.4.0",NA,"R (>= 3.2)","fBasics, stable, stabledist, stats, statip (>= 0.2.3)",NA,"evd, knitr, mvtnorm, testthat, VGAM",NA,"GPL-3",NA,NA,NA,NA,"no","4.2.0"
"ModelMetrics","ModelMetrics","/Library/Frameworks/R.framework/Versions/4.2-arm64/Resources/library","1.2.2.2",NA,"R (>= 3.2.2)","Rcpp, data.table","Rcpp","testthat",NA,"GPL (>= 2)",NA,NA,NA,NA,"yes","4.2.0"
"modelr","modelr","/Library/Frameworks/R.framework/Versions/4.2-arm64/Resources/library","0.1.10",NA,"R (>= 3.2)","broom, magrittr, purrr (>= 0.2.2), rlang (>= 1.0.6), tibble,
tidyr (>= 0.8.0), tidyselect, vctrs",NA,"compiler, covr, ggplot2, testthat (>= 3.0.0)",NA,"GPL-3",NA,NA,NA,NA,"no","4.2.0"
"munsell","munsell","/Library/Frameworks/R.framework/Versions/4.2-arm64/Resources/library","0.5.0",NA,NA,"colorspace, methods",NA,"ggplot2, testthat",NA,"MIT + file LICENSE",NA,NA,NA,NA,"no","4.2.0"
"mvProbit","mvProbit","/Library/Frameworks/R.framework/Versions/4.2-arm64/Resources/library","0.1-10",NA,"R (>= 2.4.0), mvtnorm (>= 0.9-9994), maxLik (>= 1.0-0), abind
(>= 1.3-0)","bayesm (>= 2.2-4), miscTools (>= 0.6-11)",NA,NA,NA,"GPL (>= 2)",NA,NA,NA,NA,"no","4.2.0"
"mvtnorm","mvtnorm","/Library/Frameworks/R.framework/Versions/4.2-arm64/Resources/library","1.1-3",NA,"R(>= 3.5.0)","stats, methods",NA,NA,NA,"GPL-2",NA,NA,NA,NA,"yes","4.2.0"
"nleqslv","nleqslv","/Library/Frameworks/R.framework/Versions/4.2-arm64/Resources/library","3.3.4",NA,NA,NA,NA,NA,NA,"GPL (>= 2)",NA,NA,NA,NA,"yes","4.2.0"
"nlme","nlme","/Library/Frameworks/R.framework/Versions/4.2-arm64/Resources/library","3.1-157","recommended","R (>= 3.5.0)","graphics, stats, utils, lattice",NA,"Hmisc, MASS, SASmixed",NA,"GPL (>= 2)",NA,NA,NA,NA,"yes","4.2.1"
"nloptr","nloptr","/Library/Frameworks/R.framework/Versions/4.2-arm64/Resources/library","2.0.3",NA,NA,NA,"testthat","knitr, rmarkdown, xml2, testthat (>= 3.0.0), covr",NA,"LGPL (>= 3)",NA,NA,NA,NA,"yes","4.2.0"
"nnet","nnet","/Library/Frameworks/R.framework/Versions/4.2-arm64/Resources/library","7.3-17","recommended","R (>= 3.0.0), stats, utils",NA,NA,"MASS",NA,"GPL-2 | GPL-3",NA,NA,NA,NA,"yes","4.2.1"
"numDeriv","numDeriv","/Library/Frameworks/R.framework/Versions/4.2-arm64/Resources/library","2016.8-1.1",NA,"R (>= 2.11.1)",NA,NA,NA,NA,"GPL-2",NA,NA,NA,NA,"no","4.2.0"
"openssl","openssl","/Library/Frameworks/R.framework/Versions/4.2-arm64/Resources/library","2.0.5",NA,NA,"askpass",NA,"curl, testthat (>= 2.1.0), digest, knitr, rmarkdown,
jsonlite, jose, sodium",NA,"MIT + file LICENSE",NA,NA,NA,NA,"yes","4.2.0"
"openxlsx","openxlsx","/Library/Frameworks/R.framework/Versions/4.2-arm64/Resources/library","4.2.5.1",NA,"R (>= 3.3.0)","grDevices, methods, Rcpp, stats, stringi, utils, zip","Rcpp","knitr, rmarkdown, roxygen2, testthat",NA,"MIT + file LICENSE",NA,NA,NA,NA,"yes","4.2.0"
"parallel","parallel","/Library/Frameworks/R.framework/Versions/4.2-arm64/Resources/library","4.2.1","base",NA,"tools, compiler",NA,"methods","snow, nws, Rmpi","Part of R 4.2.1",NA,NA,NA,NA,"yes","4.2.1"
"parallelly","parallelly","/Library/Frameworks/R.framework/Versions/4.2-arm64/Resources/library","1.32.1",NA,NA,"parallel, tools, utils",NA,NA,NA,"LGPL (>= 2.1)",NA,NA,NA,NA,"no","4.2.0"
"phosphoricons","phosphoricons","/Library/Frameworks/R.framework/Versions/4.2-arm64/Resources/library","0.1.2",NA,"R (>= 2.10)","htmltools (>= 0.3)",NA,"covr, shiny, tinytest",NA,"MIT + file LICENSE",NA,NA,NA,NA,"no","4.2.0"
"pillar","pillar","/Library/Frameworks/R.framework/Versions/4.2-arm64/Resources/library","1.8.1",NA,NA,"cli (>= 2.3.0), fansi, glue, lifecycle, rlang (>= 1.0.2), utf8
(>= 1.1.0), utils, vctrs (>= 0.3.8)",NA,"bit64, debugme, DiagrammeR, dplyr, formattable, ggplot2,
knitr, lubridate, nanotime, nycflights13, palmerpenguins,
rmarkdown, scales, stringi, survival, testthat (>= 3.1.1),
tibble, units (>= 0.7.2), vdiffr, withr",NA,"MIT + file LICENSE",NA,NA,NA,NA,"no","4.2.0"
"pkgbuild","pkgbuild","/Library/Frameworks/R.framework/Versions/4.2-arm64/Resources/library","1.3.1",NA,"R (>= 3.1)","callr (>= 3.2.0), cli, crayon, desc, prettyunits, R6,
rprojroot, withr (>= 2.3.0)",NA,"Rcpp, cpp11, testthat, covr",NA,"MIT + file LICENSE",NA,NA,NA,NA,"no","4.2.0"
"pkgconfig","pkgconfig","/Library/Frameworks/R.framework/Versions/4.2-arm64/Resources/library","2.0.3",NA,NA,"utils",NA,"covr, testthat, disposables (>= 1.0.3)",NA,"MIT + file LICENSE",NA,NA,NA,NA,"no","4.2.0"
"pkgdown","pkgdown","/Library/Frameworks/R.framework/Versions/4.2-arm64/Resources/library","2.0.7",NA,"R (>= 3.1.0)","bslib (>= 0.3.1), callr (>= 3.7.3), cli, desc, digest, downlit
(>= 0.4.0), fs (>= 1.4.0), httr (>= 1.4.2), jsonlite, magrittr,
memoise, purrr, ragg, rlang (>= 1.0.0), rmarkdown (>=
1.1.9007), tibble, whisker, withr (>= 2.4.3), xml2 (>= 1.3.1),
yaml",NA,"covr, diffviewer, evaluate, htmltools, htmlwidgets, knitr,
lifecycle, methods, openssl, pkgload (>= 1.0.2), rsconnect,
rstudioapi, rticles, sass, testthat (>= 3.1.3), tools",NA,"MIT + file LICENSE",NA,NA,NA,NA,"no","4.2.0"
"pkgload","pkgload","/Library/Frameworks/R.framework/Versions/4.2-arm64/Resources/library","1.3.2",NA,"R (>= 3.4.0)","cli (>= 3.3.0), crayon, desc, fs, glue, methods, rlang (>=
1.0.3), rprojroot, utils, withr (>= 2.4.3)",NA,"bitops, covr, mathjaxr, mockr, pak, pkgbuild, Rcpp, remotes,
rstudioapi, testthat (>= 3.1.0)",NA,"GPL-3",NA,NA,NA,NA,"no","4.2.0"
"plyr","plyr","/Library/Frameworks/R.framework/Versions/4.2-arm64/Resources/library","1.8.8",NA,"R (>= 3.1.0)","Rcpp (>= 0.11.0)","Rcpp","abind, covr, doParallel, foreach, iterators, itertools,
tcltk, testthat",NA,"MIT + file LICENSE",NA,NA,NA,NA,"yes","4.2.0"
"polyclip","polyclip","/Library/Frameworks/R.framework/Versions/4.2-arm64/Resources/library","1.10-4",NA,"R (>= 3.0.0)",NA,NA,NA,NA,"BSL",NA,NA,NA,NA,"yes","4.2.0"
"polylabelr","polylabelr","/Library/Frameworks/R.framework/Versions/4.2-arm64/Resources/library","0.2.0",NA,"R (>= 3.3.0)","Rcpp","Rcpp","covr, testthat, spelling, sf",NA,"MIT + file LICENSE",NA,NA,NA,NA,"yes","4.2.0"
"posterior","posterior","/Library/Frameworks/R.framework/Versions/4.2-arm64/Resources/library","1.3.1",NA,"R (>= 3.2.0)","methods, abind, checkmate, rlang (>= 0.4.7), stats, tibble (>=
3.0.0), vctrs, tensorA, pillar, distributional, parallel,
matrixStats",NA,"testthat (>= 2.1.0), caret (>= 6.0.84), gbm (>= 2.1.8),
randomForest (>= 4.6.14), e1071 (>= 1.7.3), dplyr, tidyr,
knitr, rmarkdown",NA,"BSD_3_clause + file LICENSE",NA,NA,NA,NA,"no","4.2.0"
"praise","praise","/Library/Frameworks/R.framework/Versions/4.2-arm64/Resources/library","1.0.0",NA,NA,NA,NA,"testthat",NA,"MIT + file LICENSE",NA,NA,NA,NA,"no","4.2.0"
"prettyunits","prettyunits","/Library/Frameworks/R.framework/Versions/4.2-arm64/Resources/library","1.1.1",NA,NA,NA,NA,"codetools, covr, testthat",NA,"MIT + file LICENSE",NA,NA,NA,NA,"no","4.2.0"
"pROC","pROC","/Library/Frameworks/R.framework/Versions/4.2-arm64/Resources/library","1.18.0",NA,"R (>= 2.14)","methods, plyr, Rcpp (>= 0.11.1)","Rcpp","microbenchmark, tcltk, MASS, logcondens, doParallel,
testthat, vdiffr, ggplot2",NA,"GPL (>= 3)",NA,NA,NA,NA,"yes","4.2.0"
"processx","processx","/Library/Frameworks/R.framework/Versions/4.2-arm64/Resources/library","3.8.0",NA,"R (>= 3.4.0)","ps (>= 1.2.0), R6, utils",NA,"callr (>= 3.7.0), cli (>= 3.3.0), codetools, covr, curl,
debugme, parallel, rlang (>= 1.0.2), testthat (>= 3.0.0), withr",NA,"MIT + file LICENSE",NA,NA,NA,NA,"yes","4.2.0"
"prodlim","prodlim","/Library/Frameworks/R.framework/Versions/4.2-arm64/Resources/library","2019.11.13",NA,"R (>= 2.9.0)","Rcpp (>= 0.11.5), stats, grDevices, graphics, survival,
KernSmooth, lava","Rcpp",NA,NA,"GPL (>= 2)",NA,NA,NA,NA,"yes","4.2.0"
"profvis","profvis","/Library/Frameworks/R.framework/Versions/4.2-arm64/Resources/library","0.3.7",NA,"R (>= 3.0)","htmlwidgets (>= 0.3.2), stringr",NA,"knitr, ggplot2, rmarkdown, testthat, devtools, shiny,
htmltools",NA,"GPL-3 | file LICENSE",NA,NA,NA,NA,"yes","4.2.0"
"progress","progress","/Library/Frameworks/R.framework/Versions/4.2-arm64/Resources/library","1.2.2",NA,NA,"hms, prettyunits, R6, crayon",NA,"Rcpp, testthat, withr",NA,"MIT + file LICENSE",NA,NA,NA,NA,"no","4.2.0"
"progressr","progressr","/Library/Frameworks/R.framework/Versions/4.2-arm64/Resources/library","0.11.0",NA,"R (>= 3.5.0)","digest, utils",NA,"graphics, tcltk, beepr, crayon, pbmcapply, progress, purrr,
foreach, plyr, doFuture, future, future.apply, furrr,
rstudioapi, shiny, commonmark, base64enc, tools",NA,"GPL (>= 3)",NA,NA,NA,NA,"no","4.2.0"
"promises","promises","/Library/Frameworks/R.framework/Versions/4.2-arm64/Resources/library","1.2.0.1",NA,NA,"R6, Rcpp, later, rlang, stats, magrittr","later, Rcpp","testthat, future (>= 1.21.0), fastmap (>= 1.1.0), purrr,
knitr, rmarkdown, vembedr, spelling",NA,"MIT + file LICENSE",NA,NA,NA,NA,"yes","4.2.0"
"proxy","proxy","/Library/Frameworks/R.framework/Versions/4.2-arm64/Resources/library","0.4-27",NA,"R (>= 3.4.0)","stats, utils",NA,"cba",NA,"GPL-2",NA,NA,NA,NA,"yes","4.2.0"
"ps","ps","/Library/Frameworks/R.framework/Versions/4.2-arm64/Resources/library","1.7.2",NA,"R (>= 3.4)","utils",NA,"callr, covr, curl, pillar, pingr, processx (>= 3.1.0), R6,
rlang, testthat (>= 3.0.0),",NA,"MIT + file LICENSE",NA,NA,NA,NA,"yes","4.2.0"
"purrr","purrr","/Library/Frameworks/R.framework/Versions/4.2-arm64/Resources/library","0.3.5",NA,"R (>= 3.2)","magrittr (>= 1.5), rlang (>= 0.3.1)",NA,"covr, crayon, dplyr (>= 0.7.8), httr, knitr, rmarkdown,
testthat, tibble, tidyselect, vctrs",NA,"GPL-3 | file LICENSE",NA,NA,NA,NA,"yes","4.2.0"
"quadprog","quadprog","/Library/Frameworks/R.framework/Versions/4.2-arm64/Resources/library","1.5-8",NA,"R (>= 3.1.0)",NA,NA,NA,NA,"GPL (>= 2)",NA,NA,NA,NA,"yes","4.2.0"
"quantmod","quantmod","/Library/Frameworks/R.framework/Versions/4.2-arm64/Resources/library","0.4.20",NA,"R (>= 3.2.0), xts(>= 0.9-0), zoo, TTR(>= 0.2), methods","curl",NA,"DBI,RMySQL,RSQLite,timeSeries,xml2,downloader,jsonlite(>=
1.1)",NA,"GPL-3",NA,NA,NA,NA,"no","4.2.0"
"quantreg","quantreg","/Library/Frameworks/R.framework/Versions/4.2-arm64/Resources/library","5.94",NA,"R (>= 3.5), stats, SparseM","methods, graphics, Matrix, MatrixModels, survival, MASS",NA,"tripack, interp, rgl, logspline, nor1mix, Formula, zoo,
R.rsp, conquer",NA,"GPL (>= 2)",NA,NA,NA,NA,"yes","4.2.0"
"R.cache","R.cache","/Library/Frameworks/R.framework/Versions/4.2-arm64/Resources/library","0.16.0",NA,"R (>= 2.14.0)","utils, R.methodsS3 (>= 1.8.1), R.oo (>= 1.24.0), R.utils (>=
2.10.1), digest (>= 0.6.13)",NA,NA,NA,"LGPL (>= 2.1)",NA,NA,NA,NA,"no","4.2.0"
"R.methodsS3","R.methodsS3","/Library/Frameworks/R.framework/Versions/4.2-arm64/Resources/library","1.8.2",NA,"R (>= 2.13.0)","utils",NA,"codetools",NA,"LGPL (>= 2.1)",NA,NA,NA,NA,"no","4.2.0"
"R.oo","R.oo","/Library/Frameworks/R.framework/Versions/4.2-arm64/Resources/library","1.25.0",NA,"R (>= 2.13.0), R.methodsS3 (>= 1.8.1)","methods, utils",NA,"tools",NA,"LGPL (>= 2.1)",NA,NA,NA,NA,"no","4.2.0"
"R.utils","R.utils","/Library/Frameworks/R.framework/Versions/4.2-arm64/Resources/library","2.12.2",NA,"R (>= 2.14.0), R.oo","methods, utils, tools, R.methodsS3",NA,"datasets, digest (>= 0.6.10)",NA,"LGPL (>= 2.1)",NA,NA,NA,NA,"no","4.2.0"
"R6","R6","/Library/Frameworks/R.framework/Versions/4.2-arm64/Resources/library","2.5.1",NA,"R (>= 3.0)",NA,NA,"testthat, pryr",NA,"MIT + file LICENSE",NA,NA,NA,NA,"no","4.2.0"
"ragg","ragg","/Library/Frameworks/R.framework/Versions/4.2-arm64/Resources/library","1.2.5",NA,NA,"systemfonts (>= 1.0.3), textshaping (>= 0.3.0)","systemfonts, textshaping","covr, graphics, grid, testthat",NA,"MIT + file LICENSE",NA,NA,NA,NA,"yes","4.2.0"
"rappdirs","rappdirs","/Library/Frameworks/R.framework/Versions/4.2-arm64/Resources/library","0.3.3",NA,"R (>= 3.2)",NA,NA,"roxygen2, testthat (>= 3.0.0), covr, withr",NA,"MIT + file LICENSE",NA,NA,NA,NA,"yes","4.2.0"
"rcmdcheck","rcmdcheck","/Library/Frameworks/R.framework/Versions/4.2-arm64/Resources/library","1.4.0",NA,NA,"callr (>= 3.1.1.9000), cli (>= 3.0.0), curl, desc (>= 1.2.0),
digest, pkgbuild, prettyunits, R6, rprojroot, sessioninfo (>=
1.1.1), utils, withr, xopen",NA,"covr, knitr, mockery, processx, ps, rmarkdown, svglite,
testthat, webfakes",NA,"MIT + file LICENSE",NA,NA,NA,NA,"no","4.2.0"
"RColorBrewer","RColorBrewer","/Library/Frameworks/R.framework/Versions/4.2-arm64/Resources/library","1.1-3",NA,"R (>= 2.0.0)",NA,NA,NA,NA,"Apache License 2.0",NA,NA,NA,NA,"no","4.2.0"
"Rcpp","Rcpp","/Library/Frameworks/R.framework/Versions/4.2-arm64/Resources/library","1.0.10",NA,NA,"methods, utils",NA,"tinytest, inline, rbenchmark, pkgKitten (>= 0.1.2)",NA,"GPL (>= 2)",NA,NA,NA,NA,"yes","4.2.1"
"RcppArmadillo","RcppArmadillo","/Library/Frameworks/R.framework/Versions/4.2-arm64/Resources/library","0.11.4.2.1",NA,"R (>= 3.3.0)","Rcpp (>= 0.11.0), stats, utils, methods","Rcpp","tinytest, Matrix (>= 1.3.0), pkgKitten, reticulate, slam",NA,"GPL (>= 2)",NA,NA,NA,NA,"yes","4.2.0"
"RcppEigen","RcppEigen","/Library/Frameworks/R.framework/Versions/4.2-arm64/Resources/library","0.3.3.9.3",NA,"R (>= 3.6.0)","Matrix (>= 1.1-0), Rcpp (>= 0.11.0), stats, utils","Rcpp","inline, tinytest, pkgKitten, microbenchmark",NA,"GPL (>= 2) | file LICENSE",NA,NA,NA,NA,"yes","4.2.0"
"RcppGSL","RcppGSL","/Library/Frameworks/R.framework/Versions/4.2-arm64/Resources/library","0.3.13",NA,NA,"Rcpp (>= 0.11.0), stats","Rcpp","tinytest",NA,"GPL (>= 2)",NA,NA,NA,NA,"yes","4.2.0"
"RcppParallel","RcppParallel","/Library/Frameworks/R.framework/Versions/4.2-arm64/Resources/library","5.1.5",NA,"R (>= 3.0.2)",NA,NA,"Rcpp, RUnit, knitr, rmarkdown",NA,"GPL (>= 3)",NA,NA,NA,NA,"yes","4.2.0"
"RcppZiggurat","RcppZiggurat","/Library/Frameworks/R.framework/Versions/4.2-arm64/Resources/library","0.1.6",NA,"R (>= 3.0.0)","Rcpp, parallel, graphics, stats, utils","Rcpp, RcppGSL","rbenchmark, microbenchmark, lattice, knitr, rmarkdown, pinp",NA,"GPL (>= 2)",NA,NA,NA,NA,"yes","4.2.0"
"reactable","reactable","/Library/Frameworks/R.framework/Versions/4.2-arm64/Resources/library","0.4.3",NA,"R (>= 3.1)","digest, htmltools (>= 0.5.2), htmlwidgets (>= 1.5.3),
jsonlite, reactR",NA,"covr, crosstalk, dplyr, fontawesome, knitr, leaflet, MASS,
rmarkdown, shiny, sparkline, testthat, tippy, V8",NA,"MIT + file LICENSE",NA,NA,NA,NA,"no","4.2.0"
"reactR","reactR","/Library/Frameworks/R.framework/Versions/4.2-arm64/Resources/library","0.4.4",NA,NA,"htmltools",NA,"htmlwidgets (>= 1.5.3), rmarkdown, shiny, V8, knitr, usethis,
jsonlite",NA,"MIT + file LICENSE",NA,NA,NA,NA,"no","4.2.0"
"readr","readr","/Library/Frameworks/R.framework/Versions/4.2-arm64/Resources/library","2.1.3",NA,"R (>= 3.4)","cli (>= 3.2.0), clipr, crayon, hms (>= 0.4.1), lifecycle (>=
0.2.0), methods, R6, rlang, tibble, utils, vroom (>= 1.6.0)","cpp11, tzdb (>= 0.1.1)","covr, curl, datasets, knitr, rmarkdown, spelling, stringi,
testthat (>= 3.1.2), tzdb (>= 0.1.1), waldo, withr, xml2",NA,"MIT + file LICENSE",NA,NA,NA,NA,"yes","4.2.0"
"readxl","readxl","/Library/Frameworks/R.framework/Versions/4.2-arm64/Resources/library","1.4.1",NA,"R (>= 3.4)","cellranger, tibble (>= 2.0.1), utils","cpp11 (>= 0.4.0), progress","knitr, rmarkdown, testthat (>= 3.0.0)",NA,"MIT + file LICENSE",NA,NA,NA,NA,"yes","4.2.0"
"recipes","recipes","/Library/Frameworks/R.framework/Versions/4.2-arm64/Resources/library","1.0.3",NA,"dplyr, R (>= 3.4)","cli, clock (>= 0.6.1), ellipsis, generics (>= 0.1.2), glue,
gower, hardhat (>= 1.2.0), ipred (>= 0.9-12), lifecycle (>=
1.0.3), lubridate (>= 1.8.0), magrittr, Matrix, purrr (>=
0.2.3), rlang (>= 1.0.3), stats, tibble, tidyr (>= 1.0.0),
tidyselect (>= 1.2.0), timeDate, utils, vctrs (>= 0.5.0), withr",NA,"covr, ddalpha, dials (>= 1.0.0), ggplot2, igraph, kernlab,
knitr, modeldata (>= 0.1.1), parsnip (>= 0.1.7), RANN,
RcppRoll, rmarkdown, rpart, rsample, RSpectra, splines2,
testthat (>= 3.0.0), workflows, xml2",NA,"MIT + file LICENSE",NA,NA,NA,NA,"no","4.2.0"
"rematch","rematch","/Library/Frameworks/R.framework/Versions/4.2-arm64/Resources/library","1.0.1",NA,NA,NA,NA,"covr, testthat",NA,"MIT + file LICENSE",NA,NA,NA,NA,"no","4.2.0"
"rematch2","rematch2","/Library/Frameworks/R.framework/Versions/4.2-arm64/Resources/library","2.1.2",NA,NA,"tibble",NA,"covr, testthat",NA,"MIT + file LICENSE",NA,NA,NA,NA,"no","4.2.0"
"remotes","remotes","/Library/Frameworks/R.framework/Versions/4.2-arm64/Resources/library","2.4.2",NA,"R (>= 3.0.0)","methods, stats, tools, utils",NA,"brew, callr, codetools, curl, covr, git2r (>= 0.23.0), knitr,
mockery, pkgbuild (>= 1.0.1), pingr, rmarkdown, rprojroot,
testthat, webfakes, withr",NA,"MIT + file LICENSE",NA,NA,NA,NA,"no","4.2.0"
"reprex","reprex","/Library/Frameworks/R.framework/Versions/4.2-arm64/Resources/library","2.0.2",NA,"R (>= 3.4)","callr (>= 3.6.0), cli (>= 3.2.0), clipr (>= 0.4.0), fs, glue,
knitr (>= 1.23), lifecycle, rlang (>= 1.0.0), rmarkdown,
rstudioapi, utils, withr (>= 2.3.0)",NA,"covr, fortunes, miniUI, mockr, rprojroot, sessioninfo, shiny,
spelling, styler (>= 1.2.0), testthat (>= 3.0.2)",NA,"MIT + file LICENSE",NA,NA,NA,NA,"no","4.2.0"
"reshape2","reshape2","/Library/Frameworks/R.framework/Versions/4.2-arm64/Resources/library","1.4.4",NA,"R (>= 3.1)","plyr (>= 1.8.1), Rcpp, stringr","Rcpp","covr, lattice, testthat (>= 0.8.0)",NA,"MIT + file LICENSE",NA,NA,NA,NA,"yes","4.2.0"
"Rfast","Rfast","/Library/Frameworks/R.framework/Versions/4.2-arm64/Resources/library","2.0.6",NA,"R (>= 3.5.0), Rcpp (>= 0.12.3), RcppZiggurat",NA,"Rcpp (>= 0.12.3), RcppArmadillo",NA,NA,"GPL (>= 2.0)",NA,NA,NA,NA,"yes","4.2.0"
"rio","rio","/Library/Frameworks/R.framework/Versions/4.2-arm64/Resources/library","0.5.29",NA,"R (>= 2.15.0)","tools, stats, utils, foreign, haven (>= 1.1.2), curl (>= 0.6),
data.table (>= 1.9.8), readxl (>= 0.1.1), openxlsx, tibble",NA,"datasets, bit64, testthat, knitr, magrittr, arrow, clipr,
feather, fst, hexView, jsonlite, pzfx, readODS (>= 1.6.4),
readr, rmarkdown, rmatio, xml2 (>= 1.2.0), yaml",NA,"GPL-2",NA,NA,NA,NA,"no","4.2.0"
"rlang","rlang","/Library/Frameworks/R.framework/Versions/4.2-arm64/Resources/library","1.0.6",NA,"R (>= 3.4.0)","utils",NA,"cli (>= 3.1.0), covr, crayon, fs, glue, knitr, magrittr,
methods, pillar, rmarkdown, stats, testthat (>= 3.0.0), tibble,
usethis, vctrs (>= 0.2.3), withr","winch","MIT + file LICENSE",NA,NA,NA,NA,"yes","4.2.0"
"rmarkdown","rmarkdown","/Library/Frameworks/R.framework/Versions/4.2-arm64/Resources/library","2.19",NA,"R (>= 3.0)","bslib (>= 0.2.5.1), evaluate (>= 0.13), htmltools (>= 0.5.1),
jquerylib, jsonlite, knitr (>= 1.22), methods, stringr (>=
1.2.0), tinytex (>= 0.31), tools, utils, xfun (>= 0.30), yaml
(>= 2.1.19)",NA,"digest, dygraphs, fs, rsconnect, downlit (>= 0.4.0), katex
(>= 1.4.0), sass (>= 0.4.0), shiny (>= 1.6.0), testthat (>=
3.0.3), tibble, tufte, vctrs, withr (>= 2.4.2)",NA,"GPL-3",NA,NA,NA,NA,"no","4.2.1"
"rmutil","rmutil","/Library/Frameworks/R.framework/Versions/4.2-arm64/Resources/library","1.1.10",NA,"R (>= 1.4)",NA,NA,NA,NA,"GPL (>= 2)",NA,NA,NA,NA,"yes","4.2.0"
"ROCR","ROCR","/Library/Frameworks/R.framework/Versions/4.2-arm64/Resources/library","1.0-11",NA,"R (>= 3.6)","methods, graphics, grDevices, gplots, stats",NA,"testthat, knitr, rmarkdown",NA,"GPL (>= 2)",NA,NA,NA,NA,"no","4.2.0"
"roxygen2","roxygen2","/Library/Frameworks/R.framework/Versions/4.2-arm64/Resources/library","7.2.3",NA,"R (>= 3.3)","brew, cli (>= 3.3.0), commonmark, desc (>= 1.2.0), knitr,
methods, pkgload (>= 1.0.2), purrr (>= 0.3.3), R6 (>= 2.1.2),
rlang (>= 1.0.6), stringi, stringr (>= 1.0.0), utils, withr,
xml2","cpp11","covr, R.methodsS3, R.oo, rmarkdown (>= 2.16), testthat (>=
3.1.2), yaml",NA,"MIT + file LICENSE",NA,NA,NA,NA,"yes","4.2.0"
"rpart","rpart","/Library/Frameworks/R.framework/Versions/4.2-arm64/Resources/library","4.1.16","recommended","R (>= 2.15.0), graphics, stats, grDevices",NA,NA,"survival",NA,"GPL-2 | GPL-3",NA,NA,NA,NA,"yes","4.2.1"
"rprojroot","rprojroot","/Library/Frameworks/R.framework/Versions/4.2-arm64/Resources/library","2.0.3",NA,"R (>= 3.0.0)",NA,NA,"covr, knitr, lifecycle, mockr, rmarkdown, testthat (>=
3.0.0), withr",NA,"MIT + file LICENSE",NA,NA,NA,NA,"no","4.2.0"
"rstan","rstan","/Library/Frameworks/R.framework/Versions/4.2-arm64/Resources/library","2.21.8",NA,"R (>= 3.4.0), StanHeaders (>= 2.21.0), ggplot2 (>= 3.0.0)","methods, stats4, inline, gridExtra (>= 2.0.0), Rcpp (>=
0.12.0), RcppParallel (>= 5.0.1), loo (>= 2.3.0), pkgbuild","Rcpp (>= 0.12.0), RcppEigen (>= 0.3.3.3.0), BH (>=
1.72.0-2), StanHeaders (>= 2.21.0), RcppParallel","RUnit, RcppEigen (>= 0.3.3.3.0), BH (>= 1.72.0-2), parallel,
KernSmooth, shinystan (>= 2.3.0), bayesplot (>= 1.5.0),
rmarkdown, rstantools, rstudioapi, Matrix, knitr (>= 1.15.1),
V8",NA,"GPL (>= 3)",NA,NA,NA,NA,"yes","4.2.0"
"rstantools","rstantools","/Library/Frameworks/R.framework/Versions/4.2-arm64/Resources/library","2.2.0",NA,NA,"desc, stats, utils, Rcpp (>= 0.12.16), RcppParallel (>= 5.0.1)",NA,"rstan (>= 2.17.2), usethis (>= 1.5.1), testthat (>= 2.0.0),
knitr, pkgbuild, pkgload, roxygen2 (>= 6.0.1), rmarkdown,
rstudioapi",NA,"GPL (>= 3)",NA,NA,NA,NA,"no","4.2.0"
"rstudioapi","rstudioapi","/Library/Frameworks/R.framework/Versions/4.2-arm64/Resources/library","0.14",NA,NA,NA,NA,"testthat, knitr, rmarkdown, clipr, covr",NA,"MIT + file LICENSE",NA,NA,NA,NA,"no","4.2.0"
"Rttf2pt1","Rttf2pt1","/Library/Frameworks/R.framework/Versions/4.2-arm64/Resources/library","1.3.11",NA,"R (>= 2.15)",NA,NA,NA,NA,"file LICENSE","yes",NA,NA,NA,"yes","4.2.0"
"rversions","rversions","/Library/Frameworks/R.framework/Versions/4.2-arm64/Resources/library","2.1.2",NA,NA,"curl, utils, xml2 (>= 1.0.0)",NA,"covr, mockery, testthat",NA,"MIT + file LICENSE",NA,NA,NA,NA,"no","4.2.0"
"rvest","rvest","/Library/Frameworks/R.framework/Versions/4.2-arm64/Resources/library","1.0.3",NA,"R (>= 3.2)","glue, cli, httr (>= 0.5), lifecycle (>= 1.0.0), magrittr,
rlang (>= 1.0.0), selectr, tibble, xml2 (>= 1.3), withr",NA,"covr, knitr, readr, repurrrsive, rmarkdown, spelling, stringi
(>= 0.3.1), testthat (>= 3.0.2), webfakes",NA,"MIT + file LICENSE",NA,NA,NA,NA,"no","4.2.0"
"sandwich","sandwich","/Library/Frameworks/R.framework/Versions/4.2-arm64/Resources/library","3.0-2",NA,"R (>= 3.0.0)","stats, utils, zoo",NA,"AER, car, geepack, lattice, lme4, lmtest, MASS, multiwayvcov,
parallel, pcse, plm, pscl, scatterplot3d, stats4, strucchange,
survival",NA,"GPL-2 | GPL-3",NA,NA,NA,NA,"no","4.2.0"
"sass","sass","/Library/Frameworks/R.framework/Versions/4.2-arm64/Resources/library","0.4.5",NA,NA,"fs, rlang (>= 0.4.10), htmltools (>= 0.5.1), R6, rappdirs",NA,"testthat, knitr, rmarkdown, withr, shiny, curl",NA,"MIT + file LICENSE",NA,NA,NA,NA,"yes","4.2.1"
"scales","scales","/Library/Frameworks/R.framework/Versions/4.2-arm64/Resources/library","1.2.1",NA,"R (>= 3.2)","farver (>= 2.0.3), labeling, lifecycle, munsell (>= 0.5), R6,
RColorBrewer, rlang (>= 1.0.0), viridisLite",NA,"bit64, covr, dichromat, ggplot2, hms (>= 0.5.0), stringi,
testthat (>= 3.0.0), waldo (>= 0.4.0)",NA,"MIT + file LICENSE",NA,NA,NA,NA,"no","4.2.0"
"segmented","segmented","/Library/Frameworks/R.framework/Versions/4.2-arm64/Resources/library","1.6-2",NA,"MASS, nlme",NA,NA,NA,NA,"GPL",NA,NA,NA,NA,"no","4.2.0"
"selectr","selectr","/Library/Frameworks/R.framework/Versions/4.2-arm64/Resources/library","0.4-2",NA,"R (>= 3.0)","methods, stringr, R6",NA,"testthat, XML, xml2",NA,"BSD_3_clause + file LICENCE",NA,NA,NA,NA,"no","4.2.0"
"sessioninfo","sessioninfo","/Library/Frameworks/R.framework/Versions/4.2-arm64/Resources/library","1.2.2",NA,"R (>= 2.10)","cli (>= 3.1.0), tools, utils",NA,"callr, covr, mockery, reticulate, rmarkdown, testthat, withr",NA,"GPL-2",NA,NA,NA,NA,"no","4.2.0"
"shadowtext","shadowtext","/Library/Frameworks/R.framework/Versions/4.2-arm64/Resources/library","0.1.2",NA,"R (>= 3.4.0)","ggplot2, grid, scales",NA,"knitr, rmarkdown, prettydoc",NA,"Artistic-2.0",NA,NA,NA,NA,"no","4.2.0"
"shape","shape","/Library/Frameworks/R.framework/Versions/4.2-arm64/Resources/library","1.4.6",NA,"R (>= 2.01)","stats, graphics, grDevices",NA,NA,NA,"GPL (>= 3)",NA,NA,NA,NA,"no","4.2.0"
"shiny","shiny","/Library/Frameworks/R.framework/Versions/4.2-arm64/Resources/library","1.7.4",NA,"R (>= 3.0.2), methods","utils, grDevices, httpuv (>= 1.5.2), mime (>= 0.3), jsonlite
(>= 0.9.16), xtable, fontawesome (>= 0.4.0), htmltools (>=
0.5.4), R6 (>= 2.0), sourcetools, later (>= 1.0.0), promises
(>= 1.1.0), tools, crayon, rlang (>= 0.4.10), fastmap (>=
1.1.0), withr, commonmark (>= 1.7), glue (>= 1.3.2), bslib (>=
0.3.0), cachem, ellipsis, lifecycle (>= 0.2.0)",NA,"datasets, Cairo (>= 1.5-5), testthat (>= 3.0.0), knitr (>=
1.6), markdown, rmarkdown, ggplot2, reactlog (>= 1.0.0),
magrittr, yaml, future, dygraphs, ragg, showtext, sass",NA,"GPL-3 | file LICENSE",NA,NA,NA,NA,"no","4.2.1"
"shinybusy","shinybusy","/Library/Frameworks/R.framework/Versions/4.2-arm64/Resources/library","0.3.1",NA,NA,"htmltools, shiny, jsonlite, htmlwidgets",NA,"testthat, covr, knitr, rmarkdown",NA,"GPL-3",NA,NA,NA,NA,"no","4.2.0"
"shinyjs","shinyjs","/Library/Frameworks/R.framework/Versions/4.2-arm64/Resources/library","2.1.0",NA,"R (>= 3.1.0)","digest (>= 0.6.8), jsonlite, shiny (>= 1.0.0)",NA,"htmltools (>= 0.2.9), knitr (>= 1.7), rmarkdown, shinyAce,
shinydisconnect, testthat (>= 0.9.1)",NA,"MIT + file LICENSE",NA,NA,NA,NA,"no","4.2.0"
"shinystan","shinystan","/Library/Frameworks/R.framework/Versions/4.2-arm64/Resources/library","2.6.0",NA,"R (>= 3.1.0), shiny (>= 1.0.3)","bayesplot (>= 1.5.0), colourpicker, DT (>= 0.2), dygraphs (>=
1.1.1.2), ggplot2 (>= 2.1.1), gridExtra, gtools, markdown (>=
0.7.4), methods, reshape2, rstan (>= 2.17.1), stats, shinyjs
(>= 0.6.0), shinythemes (>= 1.0.1), threejs (>= 0.2.1), utils,
xtable, xts (>= 0.9-7)",NA,"cmdstanr (>= 0.4.0), coda, knitr (>= 1.9), posterior (>=
1.0.0), rmarkdown (>= 0.8.1), rsconnect (>= 0.4.2), rstanarm
(>= 2.17.4), testthat",NA,"GPL (>= 3)",NA,NA,NA,NA,"no","4.2.0"
"shinythemes","shinythemes","/Library/Frameworks/R.framework/Versions/4.2-arm64/Resources/library","1.2.0",NA,"R (>= 3.0.0)","shiny (>= 0.11)",NA,NA,NA,"GPL-3 | file LICENSE",NA,NA,NA,NA,"no","4.2.0"
"shinyWidgets","shinyWidgets","/Library/Frameworks/R.framework/Versions/4.2-arm64/Resources/library","0.7.6",NA,"R (>= 3.1.0)","anytime, bslib, sass, shiny (>= 1.6.0), htmltools (>= 0.5.1),
jsonlite, grDevices, rlang",NA,"shinydashboard, testthat, covr, shinydashboardPlus (>=
2.0.0), bs4Dash, argonR, argonDash, tablerDash, ggplot2, DT,
scales",NA,"GPL-3",NA,NA,NA,NA,"no","4.2.0"
"SnowballC","SnowballC","/Library/Frameworks/R.framework/Versions/4.2-arm64/Resources/library","0.7.0",NA,NA,NA,NA,NA,NA,"BSD_3_clause + file LICENSE",NA,NA,NA,NA,"yes","4.2.0"
"sourcetools","sourcetools","/Library/Frameworks/R.framework/Versions/4.2-arm64/Resources/library","0.1.7",NA,"R (>= 3.0.2)",NA,NA,"testthat",NA,"MIT + file LICENSE",NA,NA,NA,NA,"yes","4.2.0"
"sp","sp","/Library/Frameworks/R.framework/Versions/4.2-arm64/Resources/library","1.5-1",NA,"R (>= 3.0.0), methods","utils, stats, graphics, grDevices, lattice, grid",NA,"RColorBrewer, rgdal (>= 1.2-3), rgeos (>= 0.3-13), gstat,
maptools, deldir, knitr, rmarkdown, sf",NA,"GPL (>= 2)",NA,NA,NA,NA,"yes","4.2.0"
"SparseM","SparseM","/Library/Frameworks/R.framework/Versions/4.2-arm64/Resources/library","1.81",NA,"R (>= 2.15), methods","graphics, stats, utils",NA,NA,NA,"GPL (>= 2)",NA,NA,NA,NA,"yes","4.2.0"
"spatial","spatial","/Library/Frameworks/R.framework/Versions/4.2-arm64/Resources/library","7.3-15","recommended","R (>= 3.0.0), graphics, stats, utils",NA,NA,"MASS",NA,"GPL-2 | GPL-3",NA,NA,NA,NA,"yes","4.2.1"
"Spectrum","Spectrum","/Library/Frameworks/R.framework/Versions/4.2-arm64/Resources/library","1.1",NA,"R (>= 3.5.0)","ggplot2, ClusterR, Rfast, diptest",NA,"knitr",NA,"AGPL-3",NA,NA,NA,NA,"no","4.2.0"
"splines","splines","/Library/Frameworks/R.framework/Versions/4.2-arm64/Resources/library","4.2.1","base",NA,"graphics, stats",NA,"Matrix, methods",NA,"Part of R 4.2.1",NA,NA,NA,NA,"yes","4.2.1"
"SQUAREM","SQUAREM","/Library/Frameworks/R.framework/Versions/4.2-arm64/Resources/library","2021.1",NA,"R (>= 3.0)",NA,NA,"setRNG",NA,"GPL (>= 2)",NA,NA,NA,NA,"no","4.2.0"
"stable","stable","/Library/Frameworks/R.framework/Versions/4.2-arm64/Resources/library","1.1.6",NA,"R (>= 1.4), rmutil",NA,NA,NA,NA,"GPL (>= 2)",NA,NA,NA,NA,"yes","4.2.0"
"stabledist","stabledist","/Library/Frameworks/R.framework/Versions/4.2-arm64/Resources/library","0.7-1",NA,"R (>= 3.1.0)","stats",NA,"Matrix, fBasics, FMStable, RUnit, Rmpfr, sfsmisc",NA,"GPL (>= 2)",NA,NA,NA,NA,"no","4.2.0"
"StanHeaders","StanHeaders","/Library/Frameworks/R.framework/Versions/4.2-arm64/Resources/library","2.21.0-7",NA,"R (>= 3.4.0)","RcppParallel (>= 5.0.1)","RcppEigen, RcppParallel (>= 5.0.1)","Rcpp, BH, knitr (>= 1.15.1), rmarkdown, Matrix, methods,
rstan",NA,"BSD_3_clause + file LICENSE",NA,NA,NA,NA,"yes","4.2.0"
"statip","statip","/Library/Frameworks/R.framework/Versions/4.2-arm64/Resources/library","0.2.3",NA,"R (>= 3.1.3)","clue, graphics, rpart, stats",NA,"knitr, testthat",NA,"GPL-3",NA,NA,NA,NA,"yes","4.2.0"
"stats","stats","/Library/Frameworks/R.framework/Versions/4.2-arm64/Resources/library","4.2.1","base",NA,"utils, grDevices, graphics",NA,"MASS, Matrix, SuppDists, methods, stats4",NA,"Part of R 4.2.1",NA,NA,NA,NA,"yes","4.2.1"
"stats4","stats4","/Library/Frameworks/R.framework/Versions/4.2-arm64/Resources/library","4.2.1","base",NA,"graphics, methods, stats",NA,NA,NA,"Part of R 4.2.1",NA,NA,NA,NA,NA,"4.2.1"
"stringdist","stringdist","/Library/Frameworks/R.framework/Versions/4.2-arm64/Resources/library","0.9.10",NA,"R (>= 2.15.3)","parallel",NA,"tinytest",NA,"GPL-3",NA,NA,NA,NA,"yes","4.2.0"
"stringi","stringi","/Library/Frameworks/R.framework/Versions/4.2-arm64/Resources/library","1.7.8",NA,"R (>= 3.1)","tools, utils, stats",NA,NA,NA,"file LICENSE",NA,NA,NA,NA,"yes","4.2.0"
"stringr","stringr","/Library/Frameworks/R.framework/Versions/4.2-arm64/Resources/library","1.4.1",NA,"R (>= 3.1)","glue (>= 1.2.0), magrittr, stringi (>= 1.1.7)",NA,"covr, htmltools, htmlwidgets, knitr, rmarkdown, testthat",NA,"GPL-2 | file LICENSE",NA,NA,NA,NA,"no","4.2.0"
"styler","styler","/Library/Frameworks/R.framework/Versions/4.2-arm64/Resources/library","1.9.0",NA,"R (>= 3.5.0)","cli (>= 3.1.1), magrittr (>= 2.0.0), purrr (>= 0.2.3), R.cache
(>= 0.15.0), rlang (>= 0.1.1), rprojroot (>= 1.1), tools, vctrs
(>= 0.4.1), withr (>= 2.3.0),",NA,"data.tree (>= 0.1.6), digest, dplyr, here, knitr, prettycode,
rmarkdown, roxygen2, rstudioapi (>= 0.7), tibble (>= 1.4.2),
testthat (>= 3.0.0)",NA,"MIT + file LICENSE",NA,NA,NA,NA,"no","4.2.0"
"survival","survival","/Library/Frameworks/R.framework/Versions/4.2-arm64/Resources/library","3.3-1","recommended","R (>= 3.5.0)","graphics, Matrix, methods, splines, stats, utils",NA,NA,NA,"LGPL (>= 2)",NA,NA,NA,NA,"yes","4.2.1"
"svUnit","svUnit","/Library/Frameworks/R.framework/Versions/4.2-arm64/Resources/library","1.0.6",NA,"R (>= 1.9.0)","utils",NA,"svGUI, datasets, XML, RUnit, knitr, markdown, covr, spelling",NA,"GPL-2",NA,NA,NA,NA,"no","4.2.0"
"sys","sys","/Library/Frameworks/R.framework/Versions/4.2-arm64/Resources/library","3.4.1",NA,NA,NA,NA,"unix (>= 1.4), spelling, testthat",NA,"MIT + file LICENSE",NA,NA,NA,NA,"yes","4.2.0"
"systemfonts","systemfonts","/Library/Frameworks/R.framework/Versions/4.2-arm64/Resources/library","1.0.4",NA,"R (>= 3.2.0)",NA,"cpp11 (>= 0.2.1)","testthat (>= 2.1.0), covr, knitr, rmarkdown, tools",NA,"MIT + file LICENSE",NA,NA,NA,NA,"yes","4.2.0"
"tcltk","tcltk","/Library/Frameworks/R.framework/Versions/4.2-arm64/Resources/library","4.2.1","base",NA,"utils",NA,NA,NA,"Part of R 4.2.1",NA,NA,NA,NA,"yes","4.2.1"
"tensorA","tensorA","/Library/Frameworks/R.framework/Versions/4.2-arm64/Resources/library","0.36.2",NA,"R (>= 2.2.0), stats",NA,NA,NA,NA,"GPL (>= 2)",NA,NA,NA,NA,"yes","4.2.0"
"testthat","testthat","/Library/Frameworks/R.framework/Versions/4.2-arm64/Resources/library","3.1.6",NA,"R (>= 3.1)","brio, callr (>= 3.5.1), cli (>= 3.4.0), desc, digest, ellipsis
(>= 0.2.0), evaluate, jsonlite, lifecycle, magrittr, methods,
pkgload, praise, processx, ps (>= 1.3.4), R6 (>= 2.2.0), rlang
(>= 1.0.1), utils, waldo (>= 0.4.0), withr (>= 2.4.3)",NA,"covr, curl (>= 0.9.5), diffviewer (>= 0.1.0), knitr, mockery,
rmarkdown, rstudioapi, shiny, usethis, vctrs (>= 0.1.0), xml2",NA,"MIT + file LICENSE",NA,NA,NA,NA,"yes","4.2.0"
"textshaping","textshaping","/Library/Frameworks/R.framework/Versions/4.2-arm64/Resources/library","0.3.6",NA,"R (>= 3.2.0)","systemfonts (>= 1.0.0)","cpp11 (>= 0.2.1), systemfonts (>= 1.0.0)","covr, knitr, rmarkdown",NA,"MIT + file LICENSE",NA,NA,NA,NA,"yes","4.2.0"
"threejs","threejs","/Library/Frameworks/R.framework/Versions/4.2-arm64/Resources/library","0.3.3",NA,"R (>= 3.0.0), igraph (>= 1.0.0)","htmlwidgets (>= 0.3.2), base64enc, crosstalk, methods, stats",NA,"maps","knitr, shiny","MIT + file LICENSE",NA,NA,NA,NA,"no","4.2.0"
"tibble","tibble","/Library/Frameworks/R.framework/Versions/4.2-arm64/Resources/library","3.1.8",NA,"R (>= 3.1.0)","fansi (>= 0.4.0), lifecycle (>= 1.0.0), magrittr, methods,
pillar (>= 1.7.0), pkgconfig, rlang (>= 1.0.2), utils, vctrs
(>= 0.3.8)",NA,"bench, bit64, blob, brio, callr, cli, covr, crayon (>=
1.3.4), DiagrammeR, dplyr, evaluate, formattable, ggplot2, hms,
htmltools, knitr, lubridate, mockr, nycflights13, pkgbuild,
pkgload, purrr, rmarkdown, stringi, testthat (>= 3.0.2), tidyr,
withr",NA,"MIT + file LICENSE",NA,NA,NA,NA,"yes","4.2.0"
"tidybayes","tidybayes","/Library/Frameworks/R.framework/Versions/4.2-arm64/Resources/library","3.0.2",NA,"R (>= 3.5.0)","methods, ggdist (>= 3.0.0), dplyr (>= 0.8.0), tidyr (>=
1.0.0), ggplot2 (>= 3.3.5), coda, rlang (>= 0.3.0),
arrayhelpers, tidyselect, tibble, magrittr, posterior (>=
1.0.1), withr, vctrs",NA,"knitr, testthat, purrr (>= 0.2.3), forcats, vdiffr (>=
1.0.0), svglite, rstan (>= 2.17.0), rstantools (>= 2.1.0),
runjags, rjags, jagsUI, rstanarm (>= 2.19.2), emmeans, broom
(>= 0.4.3), dotwhisker, MCMCglmm, bayesplot, modelr, brms (>=
2.16.0), cowplot, covr, gdtools, rmarkdown, ggrepel, bindrcpp,
RColorBrewer, gganimate, gifski, png, pkgdown, distributional,
transformr",NA,"GPL (>= 3)",NA,NA,NA,NA,"no","4.2.0"
"tidyr","tidyr","/Library/Frameworks/R.framework/Versions/4.2-arm64/Resources/library","1.2.1",NA,"R (>= 3.1)","dplyr (>= 1.0.0), ellipsis (>= 0.1.0), glue, lifecycle,
magrittr, purrr, rlang, tibble (>= 2.1.1), tidyselect (>=
1.1.0), utils, vctrs (>= 0.3.7)","cpp11 (>= 0.4.0)","covr, data.table, jsonlite, knitr, readr, repurrrsive (>=
1.0.0), rmarkdown, testthat (>= 3.0.0)",NA,"MIT + file LICENSE",NA,NA,NA,NA,"yes","4.2.0"
"tidyselect","tidyselect","/Library/Frameworks/R.framework/Versions/4.2-arm64/Resources/library","1.2.0",NA,"R (>= 3.4)","cli (>= 3.3.0), glue (>= 1.3.0), lifecycle (>= 1.0.3), rlang
(>= 1.0.4), vctrs (>= 0.4.1), withr",NA,"covr, crayon, dplyr, knitr, magrittr, rmarkdown, stringr,
testthat (>= 3.1.1), tibble (>= 2.1.3)",NA,"MIT + file LICENSE",NA,NA,NA,NA,"no","4.2.0"
"tidyverse","tidyverse","/Library/Frameworks/R.framework/Versions/4.2-arm64/Resources/library","1.3.2",NA,"R (>= 3.3)","broom (>= 0.7.10), cli (>= 3.1.0), crayon (>= 1.4.2), dbplyr
(>= 2.1.1), dplyr (>= 1.0.7), dtplyr (>= 1.2.0), forcats (>=
0.5.1), ggplot2 (>= 3.3.5), googledrive (>= 2.0.0),
googlesheets4 (>= 1.0.0), haven (>= 2.4.3), hms (>= 1.1.1),
httr (>= 1.4.2), jsonlite (>= 1.7.2), lubridate (>= 1.8.0),
magrittr (>= 2.0.1), modelr (>= 0.1.8), pillar (>= 1.6.4),
purrr (>= 0.3.4), readr (>= 2.1.1), readxl (>= 1.3.1), reprex
(>= 2.0.1), rlang (>= 0.4.12), rstudioapi (>= 0.13), rvest (>=
1.0.2), stringr (>= 1.4.0), tibble (>= 3.1.6), tidyr (>=
1.1.4), xml2 (>= 1.3.3)",NA,"covr, feather, glue, knitr, rmarkdown, testthat",NA,"MIT + file LICENSE",NA,NA,NA,NA,"no","4.2.0"
"timechange","timechange","/Library/Frameworks/R.framework/Versions/4.2-arm64/Resources/library","0.1.1",NA,"R (>= 3.3)",NA,"cpp11 (>= 0.2.7)","testthat, knitr",NA,"GPL-3",NA,NA,NA,NA,"yes","4.2.0"
"timeDate","timeDate","/Library/Frameworks/R.framework/Versions/4.2-arm64/Resources/library","4021.106",NA,"R (>= 3.6.0)","graphics, utils, stats, methods",NA,"date, RUnit",NA,"GPL (>= 2)",NA,NA,NA,NA,"no","4.2.0"
"timeSeries","timeSeries","/Library/Frameworks/R.framework/Versions/4.2-arm64/Resources/library","4021.105",NA,"R (>= 2.10), timeDate (>= 2150.95)","graphics, grDevices, stats, utils, methods",NA,"RUnit, robustbase, xts, PerformanceAnalytics, fTrading",NA,"GPL (>= 2)",NA,NA,NA,NA,"no","4.2.0"
"tinytex","tinytex","/Library/Frameworks/R.framework/Versions/4.2-arm64/Resources/library","0.43",NA,NA,"xfun (>= 0.29)",NA,"testit, rstudioapi",NA,"MIT + file LICENSE",NA,NA,NA,NA,"no","4.2.1"
"tmvtnorm","tmvtnorm","/Library/Frameworks/R.framework/Versions/4.2-arm64/Resources/library","1.5",NA,"R (>= 1.9.0), mvtnorm, utils, Matrix, stats4, gmm","stats, methods",NA,"lattice",NA,"GPL (>= 2)",NA,NA,NA,NA,"yes","4.2.0"
"tools","tools","/Library/Frameworks/R.framework/Versions/4.2-arm64/Resources/library","4.2.1","base",NA,NA,NA,"codetools, methods, xml2, curl, commonmark, knitr, xfun, mathjaxr",NA,"Part of R 4.2.1",NA,NA,NA,NA,"yes","4.2.1"
"truncnorm","truncnorm","/Library/Frameworks/R.framework/Versions/4.2-arm64/Resources/library","1.0-8",NA,"R (>= 3.4.0)",NA,NA,"testthat",NA,"GPL (>= 2)",NA,NA,NA,NA,"yes","4.2.0"
"TTR","TTR","/Library/Frameworks/R.framework/Versions/4.2-arm64/Resources/library","0.24.3",NA,NA,"xts (>= 0.10-0), zoo, curl","xts","RUnit","quantmod","GPL (>= 2)",NA,NA,NA,NA,"yes","4.2.0"
"tzdb","tzdb","/Library/Frameworks/R.framework/Versions/4.2-arm64/Resources/library","0.3.0",NA,"R (>= 3.4.0)",NA,"cpp11 (>= 0.4.2)","covr, testthat (>= 3.0.0)",NA,"MIT + file LICENSE",NA,NA,NA,NA,"yes","4.2.0"
"urlchecker","urlchecker","/Library/Frameworks/R.framework/Versions/4.2-arm64/Resources/library","1.0.1",NA,"R (>= 3.3)","cli, curl, tools, xml2",NA,"covr",NA,"GPL-3",NA,NA,NA,NA,"no","4.2.0"
"usethis","usethis","/Library/Frameworks/R.framework/Versions/4.2-arm64/Resources/library","2.1.6",NA,"R (>= 3.4)","cli (>= 3.0.1), clipr (>= 0.3.0), crayon, curl (>= 2.7), desc
(>= 1.4.0), fs (>= 1.3.0), gert (>= 1.4.1), gh (>= 1.2.1), glue
(>= 1.3.0), jsonlite, lifecycle (>= 1.0.0), purrr, rappdirs,
rlang (>= 1.0.0), rprojroot (>= 1.2), rstudioapi, stats, utils,
whisker, withr (>= 2.3.0), yaml",NA,"covr, knitr, magick, mockr, pkgload, rmarkdown, roxygen2 (>=
7.1.2), spelling (>= 1.2), styler (>= 1.2.0), testthat (>=
3.1.0)",NA,"MIT + file LICENSE",NA,NA,NA,NA,"no","4.2.0"
"utf8","utf8","/Library/Frameworks/R.framework/Versions/4.2-arm64/Resources/library","1.2.2",NA,"R (>= 2.10)",NA,NA,"cli, covr, knitr, rlang, rmarkdown, testthat (>= 3.0.0),
withr",NA,"Apache License (== 2.0) | file LICENSE",NA,NA,NA,NA,"yes","4.2.0"
"utils","utils","/Library/Frameworks/R.framework/Versions/4.2-arm64/Resources/library","4.2.1","base",NA,NA,NA,"methods, xml2, commonmark, knitr",NA,"Part of R 4.2.1",NA,NA,NA,NA,"yes","4.2.1"
"uuid","uuid","/Library/Frameworks/R.framework/Versions/4.2-arm64/Resources/library","1.1-0",NA,"R (>= 2.9.0)",NA,NA,NA,NA,"MIT + file LICENSE",NA,NA,NA,NA,"yes","4.2.0"
"vctrs","vctrs","/Library/Frameworks/R.framework/Versions/4.2-arm64/Resources/library","0.5.1",NA,"R (>= 3.3)","cli (>= 3.4.0), glue, lifecycle (>= 1.0.3), rlang (>= 1.0.6)",NA,"bit64, covr, crayon, dplyr (>= 0.8.5), generics, knitr,
pillar (>= 1.4.4), pkgdown (>= 2.0.1), rmarkdown, testthat (>=
3.0.0), tibble (>= 3.1.3), withr, xml2, waldo (>= 0.2.0),
zeallot",NA,"MIT + file LICENSE",NA,NA,NA,NA,"yes","4.2.0"
"viridisLite","viridisLite","/Library/Frameworks/R.framework/Versions/4.2-arm64/Resources/library","0.4.1",NA,"R (>= 2.10)",NA,NA,"hexbin (>= 1.27.0), ggplot2 (>= 1.0.1), testthat, covr",NA,"MIT + file LICENSE",NA,NA,NA,NA,"no","4.2.0"
"vroom","vroom","/Library/Frameworks/R.framework/Versions/4.2-arm64/Resources/library","1.6.0",NA,"R (>= 3.4)","bit64, cli (>= 3.2.0), crayon, glue, hms, lifecycle, methods,
rlang (>= 0.4.2), stats, tibble (>= 2.0.0), tidyselect, tzdb
(>= 0.1.1), vctrs (>= 0.2.0), withr","cpp11 (>= 0.2.0), progress (>= 1.2.1), tzdb (>= 0.1.1)","archive, bench (>= 1.1.0), covr, curl, dplyr, forcats, fs,
ggplot2, knitr, patchwork, prettyunits, purrr, rmarkdown,
rstudioapi, scales, spelling, testthat (>= 2.1.0), tidyr,
utils, waldo, xml2",NA,"MIT + file LICENSE",NA,NA,NA,NA,"yes","4.2.0"
"waldo","waldo","/Library/Frameworks/R.framework/Versions/4.2-arm64/Resources/library","0.4.0",NA,NA,"cli, diffobj (>= 0.3.4), fansi, glue, methods, rematch2, rlang
(>= 1.0.0), tibble",NA,"covr, R6, testthat (>= 3.0.0), withr, xml2",NA,"MIT + file LICENSE",NA,NA,NA,NA,"no","4.2.0"
"whisker","whisker","/Library/Frameworks/R.framework/Versions/4.2-arm64/Resources/library","0.4.1",NA,NA,NA,NA,"markdown",NA,"GPL-3",NA,NA,NA,NA,"no","4.2.0"
"withr","withr","/Library/Frameworks/R.framework/Versions/4.2-arm64/Resources/library","2.5.0",NA,"R (>= 3.2.0)","graphics, grDevices, stats",NA,"callr, covr, DBI, knitr, lattice, methods, rlang, rmarkdown
(>= 2.12), RSQLite, testthat (>= 3.0.0)",NA,"MIT + file LICENSE",NA,NA,NA,NA,"no","4.2.0"
"writexl","writexl","/Library/Frameworks/R.framework/Versions/4.2-arm64/Resources/library","1.4.2",NA,NA,NA,NA,"spelling, readxl, nycflights13, testthat, bit64",NA,"BSD_2_clause + file LICENSE",NA,NA,NA,NA,"yes","4.2.0"
"xfun","xfun","/Library/Frameworks/R.framework/Versions/4.2-arm64/Resources/library","0.35",NA,NA,"stats, tools",NA,"testit, parallel, codetools, rstudioapi, tinytex (>= 0.30),
mime, markdown, knitr, htmltools, remotes, pak, rhub, renv,
curl, jsonlite, magick, rmarkdown",NA,"MIT + file LICENSE",NA,NA,NA,NA,"yes","4.2.0"
"xml2","xml2","/Library/Frameworks/R.framework/Versions/4.2-arm64/Resources/library","1.3.3",NA,"R (>= 3.1.0)","methods",NA,"covr, curl, httr, knitr, magrittr, mockery, rmarkdown,
testthat (>= 2.1.0)",NA,"MIT + file LICENSE",NA,NA,NA,NA,"yes","4.2.0"
"xopen","xopen","/Library/Frameworks/R.framework/Versions/4.2-arm64/Resources/library","1.0.0",NA,"R (>= 3.1)","processx",NA,"ps, testthat",NA,"MIT + file LICENSE",NA,NA,NA,NA,"no","4.2.0"
"xtable","xtable","/Library/Frameworks/R.framework/Versions/4.2-arm64/Resources/library","1.8-4",NA,"R (>= 2.10.0)","stats, utils",NA,"knitr, plm, zoo, survival",NA,"GPL (>= 2)",NA,NA,NA,NA,"no","4.2.0"
"xts","xts","/Library/Frameworks/R.framework/Versions/4.2-arm64/Resources/library","0.12.2",NA,"zoo (>= 1.7-12)","methods","zoo","timeSeries, timeDate, tseries, chron, tis, RUnit",NA,"GPL (>= 2)",NA,NA,NA,NA,"yes","4.2.0"
"yaml","yaml","/Library/Frameworks/R.framework/Versions/4.2-arm64/Resources/library","2.3.6",NA,NA,NA,NA,"RUnit",NA,"BSD_3_clause + file LICENSE",NA,NA,NA,NA,"yes","4.2.0"
"yardstick","yardstick","/Library/Frameworks/R.framework/Versions/4.2-arm64/Resources/library","1.1.0",NA,"R (>= 3.4.0)","dplyr (>= 1.0.9), generics (>= 0.1.2), hardhat (>= 1.0.0),
rlang (>= 1.0.2), tidyselect (>= 1.1.2), utils, vctrs (>=
0.4.1)",NA,"covr, crayon, ggplot2, knitr, probably (>= 0.0.6), rmarkdown,
testthat (>= 3.0.0), tidyr",NA,"MIT + file LICENSE",NA,NA,NA,NA,"yes","4.2.0"
"zip","zip","/Library/Frameworks/R.framework/Versions/4.2-arm64/Resources/library","2.2.2",NA,NA,NA,NA,"covr, processx, R6, testthat, withr",NA,"MIT + file LICENSE",NA,NA,NA,NA,"yes","4.2.0"
"zoo","zoo","/Library/Frameworks/R.framework/Versions/4.2-arm64/Resources/library","1.8-11",NA,"R (>= 3.1.0), stats","utils, graphics, grDevices, lattice (>= 0.20-27)",NA,"AER, coda, chron, ggplot2 (>= 3.0.0), mondate, scales,
stinepack, strucchange, timeDate, timeSeries, tis, tseries, xts",NA,"GPL-2 | GPL-3",NA,NA,NA,NA,"yes","4.2.0"
